<?xml version="1.0" encoding="utf-8"?>
<!-- Generated by PRONEXUS WORKS -->
<link:linkbase xmlns:link="http://www.xbrl.org/2003/linkbase" xmlns:xsi="http://www.w3.org/2001/XMLSchema-instance" xmlns:xbrli="http://www.xbrl.org/2003/instance" xmlns:xlink="http://www.w3.org/1999/xlink">
  <link:labelLink xlink:type="extended" xlink:role="http://www.xbrl.org/2003/role/link">
    <link:loc xlink:type="locator" xlink:href="jpcrp030000-asr-001_E35170-000_2024-01-31_01_2024-04-30.xsd#jpcrp030000-asr_E35170-000_ShoShuniMember" xlink:label="ShoShuniMember" />
    <link:loc xlink:type="locator" xlink:href="jpcrp030000-asr-001_E35170-000_2024-01-31_01_2024-04-30.xsd#jpcrp030000-asr_E35170-000_ChoUnMember" xlink:label="ChoUnMember" />
    <link:loc xlink:type="locator" xlink:href="jpcrp030000-asr-001_E35170-000_2024-01-31_01_2024-04-30.xsd#jpcrp030000-asr_E35170-000_NakaiYasuyoMember" xlink:label="NakaiYasuyoMember" />
    <link:loc xlink:type="locator" xlink:href="jpcrp030000-asr-001_E35170-000_2024-01-31_01_2024-04-30.xsd#jpcrp030000-asr_E35170-000_IwaseEmiMember" xlink:label="IwaseEmiMember" />
    <link:loc xlink:type="locator" xlink:href="jpcrp030000-asr-001_E35170-000_2024-01-31_01_2024-04-30.xsd#jpcrp030000-asr_E35170-000_SuganumaTakumiMember" xlink:label="SuganumaTakumiMember" />
    <link:loc xlink:type="locator" xlink:href="jpcrp030000-asr-001_E35170-000_2024-01-31_01_2024-04-30.xsd#jpcrp030000-asr_E35170-000_OchiaiTakahiroMember" xlink:label="OchiaiTakahiroMember" />
    <link:loc xlink:type="locator" xlink:href="jpcrp030000-asr-001_E35170-000_2024-01-31_01_2024-04-30.xsd#jpcrp030000-asr_E35170-000_TsurutaYoshiroMember" xlink:label="TsurutaYoshiroMember" />
    <link:loc xlink:type="locator" xlink:href="jpcrp030000-asr-001_E35170-000_2024-01-31_01_2024-04-30.xsd#jpcrp030000-asr_E35170-000_SagawaAkioMember" xlink:label="SagawaAkioMember" />
    <link:loc xlink:type="locator" xlink:href="jpcrp030000-asr-001_E35170-000_2024-01-31_01_2024-04-30.xsd#jpcrp030000-asr_E35170-000_SatoHirokazuMember" xlink:label="SatoHirokazuMember" />
    <link:loc xlink:type="locator" xlink:href="jpcrp030000-asr-001_E35170-000_2024-01-31_01_2024-04-30.xsd#jpcrp030000-asr_E35170-000_BusinessCompansationNOI" xlink:label="BusinessCompansationNOI" />
    <link:loc xlink:type="locator" xlink:href="jpcrp030000-asr-001_E35170-000_2024-01-31_01_2024-04-30.xsd#jpcrp030000-asr_E35170-000_BusinessSupportFeeNOI" xlink:label="BusinessSupportFeeNOI" />
    <link:loc xlink:type="locator" xlink:href="jpcrp030000-asr-001_E35170-000_2024-01-31_01_2024-04-30.xsd#jpcrp030000-asr_E35170-000_IncreaseDecreaseInForwardExchangeContractsOpeCF" xlink:label="IncreaseDecreaseInForwardExchangeContractsOpeCF" />
    <link:loc xlink:type="locator" xlink:href="jpcrp030000-asr-001_E35170-000_2024-01-31_01_2024-04-30.xsd#jpcrp030000-asr_E35170-000_ProceedsFromSubsidyIncomeOpeCF" xlink:label="ProceedsFromSubsidyIncomeOpeCF" />
    <link:loc xlink:type="locator" xlink:href="jpcrp030000-asr-001_E35170-000_2024-01-31_01_2024-04-30.xsd#jpcrp030000-asr_E35170-000_ProvisionForCouponCertificatesCL" xlink:label="ProvisionForCouponCertificatesCL" />
    <link:loc xlink:type="locator" xlink:href="jpcrp030000-asr-001_E35170-000_2024-01-31_01_2024-04-30.xsd#jpcrp030000-asr_E35170-000_DisclosureOfSustainabilityRelatedFinancialInformationHeading" xlink:label="DisclosureOfSustainabilityRelatedFinancialInformationHeading" />
    <link:loc xlink:type="locator" xlink:href="jpcrp030000-asr-001_E35170-000_2024-01-31_01_2024-04-30.xsd#jpcrp030000-asr_E35170-000_DisclosureOfSustainabilityRelatedFinancialInformationTextBlock" xlink:label="DisclosureOfSustainabilityRelatedFinancialInformationTextBlock" />
    <link:loc xlink:type="locator" xlink:href="jpcrp030000-asr-001_E35170-000_2024-01-31_01_2024-04-30.xsd#jpcrp030000-asr_E35170-000_GovernanceTextBlock" xlink:label="GovernanceTextBlock" />
    <link:loc xlink:type="locator" xlink:href="jpcrp030000-asr-001_E35170-000_2024-01-31_01_2024-04-30.xsd#jpcrp030000-asr_E35170-000_ReferenceToOtherInformationGovernance" xlink:label="ReferenceToOtherInformationGovernance" />
    <link:loc xlink:type="locator" xlink:href="jpcrp030000-asr-001_E35170-000_2024-01-31_01_2024-04-30.xsd#jpcrp030000-asr_E35170-000_StrategyTextBlock" xlink:label="StrategyTextBlock" />
    <link:loc xlink:type="locator" xlink:href="jpcrp030000-asr-001_E35170-000_2024-01-31_01_2024-04-30.xsd#jpcrp030000-asr_E35170-000_PolicyOnHumanResourceDevelopmentAndImprovementOfInternalEnvironmentStrategyTextBlock" xlink:label="PolicyOnHumanResourceDevelopmentAndImprovementOfInternalEnvironmentStrategyTextBlock" />
    <link:loc xlink:type="locator" xlink:href="jpcrp030000-asr-001_E35170-000_2024-01-31_01_2024-04-30.xsd#jpcrp030000-asr_E35170-000_RiskManagementTextBlock" xlink:label="RiskManagementTextBlock" />
    <link:loc xlink:type="locator" xlink:href="jpcrp030000-asr-001_E35170-000_2024-01-31_01_2024-04-30.xsd#jpcrp030000-asr_E35170-000_MetricsAndTargetsTextBlock" xlink:label="MetricsAndTargetsTextBlock" />
    <link:loc xlink:type="locator" xlink:href="jpcrp030000-asr-001_E35170-000_2024-01-31_01_2024-04-30.xsd#jpcrp030000-asr_E35170-000_ReferenceToOtherInformationMetricsAndTargets" xlink:label="ReferenceToOtherInformationMetricsAndTargets" />
    <link:loc xlink:type="locator" xlink:href="jpcrp030000-asr-001_E35170-000_2024-01-31_01_2024-04-30.xsd#jpcrp030000-asr_E35170-000_DescriptionOfMetricsRelatedToPolicyOnHumanResourceDevelopmentAndImprovementOfInternalEnvironmentAndTargetsAndResultsUsingSuchMetricsMetricsAndTargetsTextBlock" xlink:label="DescriptionOfMetricsRelatedToPolicyOnHumanResourceDevelopmentAndImprovementOfInternalEnvironmentAndTargetsAndResultsUsingSuchMetricsMetricsAndTargetsTextBlock" />
    <link:loc xlink:type="locator" xlink:href="jpcrp030000-asr-001_E35170-000_2024-01-31_01_2024-04-30.xsd#jpcrp030000-asr_E35170-000_MergerExpendituresInvCF" xlink:label="MergerExpendituresInvCF" />
    <link:loc xlink:type="locator" xlink:href="jpcrp030000-asr-001_E35170-000_2024-01-31_01_2024-04-30.xsd#jpcrp030000-asr_E35170-000_ProvisionForCouponReserveSGA" xlink:label="ProvisionForCouponReserveSGA" />
    <link:label xlink:type="resource" xlink:label="label_ProvisionForCouponCertificatesCL" xml:lang="ja" xlink:role="http://www.xbrl.org/2003/role/label" id="label_ProvisionForCouponCertificatesCL">クーポン引当金</link:label>
    <link:labelArc xlink:type="arc" xlink:arcrole="http://www.xbrl.org/2003/arcrole/concept-label" xlink:from="ProvisionForCouponCertificatesCL" xlink:to="label_ProvisionForCouponCertificatesCL" />
    <link:label xlink:type="resource" xlink:label="label_ProvisionForCouponCertificatesCL_2" xml:lang="ja" xlink:role="http://www.xbrl.org/2003/role/verboseLabel" id="label_ProvisionForCouponCertificatesCL_2">クーポン引当金、流動負債</link:label>
    <link:labelArc xlink:type="arc" xlink:arcrole="http://www.xbrl.org/2003/arcrole/concept-label" xlink:from="ProvisionForCouponCertificatesCL" xlink:to="label_ProvisionForCouponCertificatesCL_2" />
    <link:label xlink:type="resource" xlink:label="label_BusinessSupportFeeNOI" xml:lang="ja" xlink:role="http://www.xbrl.org/2003/role/label" id="label_BusinessSupportFeeNOI">業務支援料</link:label>
    <link:labelArc xlink:type="arc" xlink:arcrole="http://www.xbrl.org/2003/arcrole/concept-label" xlink:from="BusinessSupportFeeNOI" xlink:to="label_BusinessSupportFeeNOI" />
    <link:label xlink:type="resource" xlink:label="label_BusinessSupportFeeNOI_2" xml:lang="ja" xlink:role="http://www.xbrl.org/2003/role/verboseLabel" id="label_BusinessSupportFeeNOI_2">業務支援料、営業外収益</link:label>
    <link:labelArc xlink:type="arc" xlink:arcrole="http://www.xbrl.org/2003/arcrole/concept-label" xlink:from="BusinessSupportFeeNOI" xlink:to="label_BusinessSupportFeeNOI_2" />
    <link:label xlink:type="resource" xlink:label="label_BusinessCompansationNOI" xml:lang="ja" xlink:role="http://www.xbrl.org/2003/role/label" id="label_BusinessCompansationNOI">営業補償金</link:label>
    <link:labelArc xlink:type="arc" xlink:arcrole="http://www.xbrl.org/2003/arcrole/concept-label" xlink:from="BusinessCompansationNOI" xlink:to="label_BusinessCompansationNOI" />
    <link:label xlink:type="resource" xlink:label="label_BusinessCompansationNOI_2" xml:lang="ja" xlink:role="http://www.xbrl.org/2003/role/verboseLabel" id="label_BusinessCompansationNOI_2">営業補償金、営業外収益</link:label>
    <link:labelArc xlink:type="arc" xlink:arcrole="http://www.xbrl.org/2003/arcrole/concept-label" xlink:from="BusinessCompansationNOI" xlink:to="label_BusinessCompansationNOI_2" />
    <link:label xlink:type="resource" xlink:label="label_DisclosureOfSustainabilityRelatedFinancialInformationHeading_2" xml:lang="ja" xlink:role="http://www.xbrl.org/2003/role/label" id="label_DisclosureOfSustainabilityRelatedFinancialInformationHeading_2">サステナビリティに関する考え方及び取組</link:label>
    <link:labelArc xlink:type="arc" xlink:arcrole="http://www.xbrl.org/2003/arcrole/concept-label" xlink:from="DisclosureOfSustainabilityRelatedFinancialInformationHeading" xlink:to="label_DisclosureOfSustainabilityRelatedFinancialInformationHeading_2" />
    <link:label xlink:type="resource" xlink:label="label_DisclosureOfSustainabilityRelatedFinancialInformationHeading" xml:lang="ja" xlink:role="http://www.xbrl.org/2003/role/verboseLabel" id="label_DisclosureOfSustainabilityRelatedFinancialInformationHeading">サステナビリティに関する考え方及び取組 [目次項目]</link:label>
    <link:labelArc xlink:type="arc" xlink:arcrole="http://www.xbrl.org/2003/arcrole/concept-label" xlink:from="DisclosureOfSustainabilityRelatedFinancialInformationHeading" xlink:to="label_DisclosureOfSustainabilityRelatedFinancialInformationHeading" />
    <link:label xlink:type="resource" xlink:label="label_DisclosureOfSustainabilityRelatedFinancialInformationTextBlock_2" xml:lang="ja" xlink:role="http://www.xbrl.org/2003/role/label" id="label_DisclosureOfSustainabilityRelatedFinancialInformationTextBlock_2">サステナビリティに関する考え方及び取組</link:label>
    <link:labelArc xlink:type="arc" xlink:arcrole="http://www.xbrl.org/2003/arcrole/concept-label" xlink:from="DisclosureOfSustainabilityRelatedFinancialInformationTextBlock" xlink:to="label_DisclosureOfSustainabilityRelatedFinancialInformationTextBlock_2" />
    <link:label xlink:type="resource" xlink:label="label_DisclosureOfSustainabilityRelatedFinancialInformationTextBlock" xml:lang="ja" xlink:role="http://www.xbrl.org/2003/role/verboseLabel" id="label_DisclosureOfSustainabilityRelatedFinancialInformationTextBlock">サステナビリティに関する考え方及び取組 [テキストブロック]</link:label>
    <link:labelArc xlink:type="arc" xlink:arcrole="http://www.xbrl.org/2003/arcrole/concept-label" xlink:from="DisclosureOfSustainabilityRelatedFinancialInformationTextBlock" xlink:to="label_DisclosureOfSustainabilityRelatedFinancialInformationTextBlock" />
    <link:label xlink:type="resource" xlink:label="label_GovernanceTextBlock_2" xml:lang="ja" xlink:role="http://www.xbrl.org/2003/role/label" id="label_GovernanceTextBlock_2">ガバナンス</link:label>
    <link:labelArc xlink:type="arc" xlink:arcrole="http://www.xbrl.org/2003/arcrole/concept-label" xlink:from="GovernanceTextBlock" xlink:to="label_GovernanceTextBlock_2" />
    <link:label xlink:type="resource" xlink:label="label_GovernanceTextBlock" xml:lang="ja" xlink:role="http://www.xbrl.org/2003/role/verboseLabel" id="label_GovernanceTextBlock">ガバナンス [テキストブロック]</link:label>
    <link:labelArc xlink:type="arc" xlink:arcrole="http://www.xbrl.org/2003/arcrole/concept-label" xlink:from="GovernanceTextBlock" xlink:to="label_GovernanceTextBlock" />
    <link:label xlink:type="resource" xlink:label="label_ReferenceToOtherInformationGovernance_2" xml:lang="ja" xlink:role="http://www.xbrl.org/2003/role/label" id="label_ReferenceToOtherInformationGovernance_2">他の記載への参照</link:label>
    <link:labelArc xlink:type="arc" xlink:arcrole="http://www.xbrl.org/2003/arcrole/concept-label" xlink:from="ReferenceToOtherInformationGovernance" xlink:to="label_ReferenceToOtherInformationGovernance_2" />
    <link:label xlink:type="resource" xlink:label="label_ReferenceToOtherInformationGovernance" xml:lang="ja" xlink:role="http://www.xbrl.org/2003/role/verboseLabel" id="label_ReferenceToOtherInformationGovernance">他の記載への参照、ガバナンス</link:label>
    <link:labelArc xlink:type="arc" xlink:arcrole="http://www.xbrl.org/2003/arcrole/concept-label" xlink:from="ReferenceToOtherInformationGovernance" xlink:to="label_ReferenceToOtherInformationGovernance" />
    <link:label xlink:type="resource" xlink:label="label_StrategyTextBlock_2" xml:lang="ja" xlink:role="http://www.xbrl.org/2003/role/label" id="label_StrategyTextBlock_2">戦略</link:label>
    <link:labelArc xlink:type="arc" xlink:arcrole="http://www.xbrl.org/2003/arcrole/concept-label" xlink:from="StrategyTextBlock" xlink:to="label_StrategyTextBlock_2" />
    <link:label xlink:type="resource" xlink:label="label_StrategyTextBlock" xml:lang="ja" xlink:role="http://www.xbrl.org/2003/role/verboseLabel" id="label_StrategyTextBlock">戦略 [テキストブロック]</link:label>
    <link:labelArc xlink:type="arc" xlink:arcrole="http://www.xbrl.org/2003/arcrole/concept-label" xlink:from="StrategyTextBlock" xlink:to="label_StrategyTextBlock" />
    <link:label xlink:type="resource" xlink:label="label_PolicyOnHumanResourceDevelopmentAndImprovementOfInternalEnvironmentStrategyTextBlock_2" xml:lang="ja" xlink:role="http://www.xbrl.org/2003/role/label" id="label_PolicyOnHumanResourceDevelopmentAndImprovementOfInternalEnvironmentStrategyTextBlock_2">人材の育成及び社内環境整備に関する方針</link:label>
    <link:labelArc xlink:type="arc" xlink:arcrole="http://www.xbrl.org/2003/arcrole/concept-label" xlink:from="PolicyOnHumanResourceDevelopmentAndImprovementOfInternalEnvironmentStrategyTextBlock" xlink:to="label_PolicyOnHumanResourceDevelopmentAndImprovementOfInternalEnvironmentStrategyTextBlock_2" />
    <link:label xlink:type="resource" xlink:label="label_PolicyOnHumanResourceDevelopmentAndImprovementOfInternalEnvironmentStrategyTextBlock" xml:lang="ja" xlink:role="http://www.xbrl.org/2003/role/verboseLabel" id="label_PolicyOnHumanResourceDevelopmentAndImprovementOfInternalEnvironmentStrategyTextBlock">人材の育成及び社内環境整備に関する方針、戦略 [テキストブロック]</link:label>
    <link:labelArc xlink:type="arc" xlink:arcrole="http://www.xbrl.org/2003/arcrole/concept-label" xlink:from="PolicyOnHumanResourceDevelopmentAndImprovementOfInternalEnvironmentStrategyTextBlock" xlink:to="label_PolicyOnHumanResourceDevelopmentAndImprovementOfInternalEnvironmentStrategyTextBlock" />
    <link:label xlink:type="resource" xlink:label="label_RiskManagementTextBlock_2" xml:lang="ja" xlink:role="http://www.xbrl.org/2003/role/label" id="label_RiskManagementTextBlock_2">リスク管理</link:label>
    <link:labelArc xlink:type="arc" xlink:arcrole="http://www.xbrl.org/2003/arcrole/concept-label" xlink:from="RiskManagementTextBlock" xlink:to="label_RiskManagementTextBlock_2" />
    <link:label xlink:type="resource" xlink:label="label_RiskManagementTextBlock" xml:lang="ja" xlink:role="http://www.xbrl.org/2003/role/verboseLabel" id="label_RiskManagementTextBlock">リスク管理 [テキストブロック]</link:label>
    <link:labelArc xlink:type="arc" xlink:arcrole="http://www.xbrl.org/2003/arcrole/concept-label" xlink:from="RiskManagementTextBlock" xlink:to="label_RiskManagementTextBlock" />
    <link:label xlink:type="resource" xlink:label="label_MetricsAndTargetsTextBlock_2" xml:lang="ja" xlink:role="http://www.xbrl.org/2003/role/label" id="label_MetricsAndTargetsTextBlock_2">指標及び目標</link:label>
    <link:labelArc xlink:type="arc" xlink:arcrole="http://www.xbrl.org/2003/arcrole/concept-label" xlink:from="MetricsAndTargetsTextBlock" xlink:to="label_MetricsAndTargetsTextBlock_2" />
    <link:label xlink:type="resource" xlink:label="label_MetricsAndTargetsTextBlock" xml:lang="ja" xlink:role="http://www.xbrl.org/2003/role/verboseLabel" id="label_MetricsAndTargetsTextBlock">指標及び目標 [テキストブロック]</link:label>
    <link:labelArc xlink:type="arc" xlink:arcrole="http://www.xbrl.org/2003/arcrole/concept-label" xlink:from="MetricsAndTargetsTextBlock" xlink:to="label_MetricsAndTargetsTextBlock" />
    <link:label xlink:type="resource" xlink:label="label_ReferenceToOtherInformationMetricsAndTargets_2" xml:lang="ja" xlink:role="http://www.xbrl.org/2003/role/label" id="label_ReferenceToOtherInformationMetricsAndTargets_2">他の記載への参照</link:label>
    <link:labelArc xlink:type="arc" xlink:arcrole="http://www.xbrl.org/2003/arcrole/concept-label" xlink:from="ReferenceToOtherInformationMetricsAndTargets" xlink:to="label_ReferenceToOtherInformationMetricsAndTargets_2" />
    <link:label xlink:type="resource" xlink:label="label_ReferenceToOtherInformationMetricsAndTargets" xml:lang="ja" xlink:role="http://www.xbrl.org/2003/role/verboseLabel" id="label_ReferenceToOtherInformationMetricsAndTargets">他の記載への参照、指標及び目標</link:label>
    <link:labelArc xlink:type="arc" xlink:arcrole="http://www.xbrl.org/2003/arcrole/concept-label" xlink:from="ReferenceToOtherInformationMetricsAndTargets" xlink:to="label_ReferenceToOtherInformationMetricsAndTargets" />
    <link:label xlink:type="resource" xlink:label="label_DescriptionOfMetricsRelatedToPolicyOnHumanResourceDevelopmentAndImprovementOfInternalEnvironmentAndTargetsAndResultsUsingSuchMetricsMetricsAndTargetsTextBlock_2" xml:lang="ja" xlink:role="http://www.xbrl.org/2003/role/label" id="label_DescriptionOfMetricsRelatedToPolicyOnHumanResourceDevelopmentAndImprovementOfInternalEnvironmentAndTargetsAndResultsUsingSuchMetricsMetricsAndTargetsTextBlock_2">人材の育成及び社内環境整備に関する方針に関する指標の内容並びに当該指標を用いた目標及び実績</link:label>
    <link:labelArc xlink:type="arc" xlink:arcrole="http://www.xbrl.org/2003/arcrole/concept-label" xlink:from="DescriptionOfMetricsRelatedToPolicyOnHumanResourceDevelopmentAndImprovementOfInternalEnvironmentAndTargetsAndResultsUsingSuchMetricsMetricsAndTargetsTextBlock" xlink:to="label_DescriptionOfMetricsRelatedToPolicyOnHumanResourceDevelopmentAndImprovementOfInternalEnvironmentAndTargetsAndResultsUsingSuchMetricsMetricsAndTargetsTextBlock_2" />
    <link:label xlink:type="resource" xlink:label="label_DescriptionOfMetricsRelatedToPolicyOnHumanResourceDevelopmentAndImprovementOfInternalEnvironmentAndTargetsAndResultsUsingSuchMetricsMetricsAndTargetsTextBlock" xml:lang="ja" xlink:role="http://www.xbrl.org/2003/role/verboseLabel" id="label_DescriptionOfMetricsRelatedToPolicyOnHumanResourceDevelopmentAndImprovementOfInternalEnvironmentAndTargetsAndResultsUsingSuchMetricsMetricsAndTargetsTextBlock">人材の育成及び社内環境整備に関する方針に関する指標の内容並びに当該指標を用いた目標及び実績、指標及び目標 [テキストブロック]</link:label>
    <link:labelArc xlink:type="arc" xlink:arcrole="http://www.xbrl.org/2003/arcrole/concept-label" xlink:from="DescriptionOfMetricsRelatedToPolicyOnHumanResourceDevelopmentAndImprovementOfInternalEnvironmentAndTargetsAndResultsUsingSuchMetricsMetricsAndTargetsTextBlock" xlink:to="label_DescriptionOfMetricsRelatedToPolicyOnHumanResourceDevelopmentAndImprovementOfInternalEnvironmentAndTargetsAndResultsUsingSuchMetricsMetricsAndTargetsTextBlock" />
    <link:label xlink:type="resource" xlink:label="label_MergerExpendituresInvCF" xml:lang="ja" xlink:role="http://www.xbrl.org/2003/role/label" id="label_MergerExpendituresInvCF">合併による支出</link:label>
    <link:labelArc xlink:type="arc" xlink:arcrole="http://www.xbrl.org/2003/arcrole/concept-label" xlink:from="MergerExpendituresInvCF" xlink:to="label_MergerExpendituresInvCF" />
    <link:label xlink:type="resource" xlink:label="label_MergerExpendituresInvCF_2" xml:lang="ja" xlink:role="http://www.xbrl.org/2003/role/verboseLabel" id="label_MergerExpendituresInvCF_2">合併による支出、投資活動によるキャッシュ・フロー</link:label>
    <link:labelArc xlink:type="arc" xlink:arcrole="http://www.xbrl.org/2003/arcrole/concept-label" xlink:from="MergerExpendituresInvCF" xlink:to="label_MergerExpendituresInvCF_2" />
    <link:label xlink:type="resource" xlink:label="label_IncreaseDecreaseInForwardExchangeContractsOpeCF" xml:lang="ja" xlink:role="http://www.xbrl.org/2003/role/label" id="label_IncreaseDecreaseInForwardExchangeContractsOpeCF">為替予約（資産）の増減額（△は増加）</link:label>
    <link:labelArc xlink:type="arc" xlink:arcrole="http://www.xbrl.org/2003/arcrole/concept-label" xlink:from="IncreaseDecreaseInForwardExchangeContractsOpeCF" xlink:to="label_IncreaseDecreaseInForwardExchangeContractsOpeCF" />
    <link:label xlink:type="resource" xlink:label="label_IncreaseDecreaseInForwardExchangeContractsOpeCF_2" xml:lang="ja" xlink:role="http://www.xbrl.org/2003/role/verboseLabel" id="label_IncreaseDecreaseInForwardExchangeContractsOpeCF_2">為替予約（資産）の増減額（△は増加）、営業活動によるキャッシュ・フロー</link:label>
    <link:labelArc xlink:type="arc" xlink:arcrole="http://www.xbrl.org/2003/arcrole/concept-label" xlink:from="IncreaseDecreaseInForwardExchangeContractsOpeCF" xlink:to="label_IncreaseDecreaseInForwardExchangeContractsOpeCF_2" />
    <link:label xlink:type="resource" xlink:label="label_ProceedsFromSubsidyIncomeOpeCF" xml:lang="ja" xlink:role="http://www.xbrl.org/2003/role/label" id="label_ProceedsFromSubsidyIncomeOpeCF">助成金等の受取額</link:label>
    <link:labelArc xlink:type="arc" xlink:arcrole="http://www.xbrl.org/2003/arcrole/concept-label" xlink:from="ProceedsFromSubsidyIncomeOpeCF" xlink:to="label_ProceedsFromSubsidyIncomeOpeCF" />
    <link:label xlink:type="resource" xlink:label="label_ProceedsFromSubsidyIncomeOpeCF_2" xml:lang="ja" xlink:role="http://www.xbrl.org/2003/role/verboseLabel" id="label_ProceedsFromSubsidyIncomeOpeCF_2">助成金等の受取額、営業活動によるキャッシュ・フロー</link:label>
    <link:labelArc xlink:type="arc" xlink:arcrole="http://www.xbrl.org/2003/arcrole/concept-label" xlink:from="ProceedsFromSubsidyIncomeOpeCF" xlink:to="label_ProceedsFromSubsidyIncomeOpeCF_2" />
    <link:label xlink:type="resource" xlink:label="label_ProvisionForCouponReserveSGA" xml:lang="ja" xlink:role="http://www.xbrl.org/2003/role/label" id="label_ProvisionForCouponReserveSGA">クーポン引当金繰入額</link:label>
    <link:labelArc xlink:type="arc" xlink:arcrole="http://www.xbrl.org/2003/arcrole/concept-label" xlink:from="ProvisionForCouponReserveSGA" xlink:to="label_ProvisionForCouponReserveSGA" />
    <link:label xlink:type="resource" xlink:label="label_ProvisionForCouponReserveSGA_2" xml:lang="ja" xlink:role="http://www.xbrl.org/2003/role/verboseLabel" id="label_ProvisionForCouponReserveSGA_2">クーポン引当金繰入額、販売費及び一般管理費</link:label>
    <link:labelArc xlink:type="arc" xlink:arcrole="http://www.xbrl.org/2003/arcrole/concept-label" xlink:from="ProvisionForCouponReserveSGA" xlink:to="label_ProvisionForCouponReserveSGA_2" />
    <link:label xlink:type="resource" xlink:label="label_ShoShuniMember" xml:lang="ja" xlink:role="http://www.xbrl.org/2003/role/verboseLabel" id="label_ShoShuniMember">肖　俊偉 [メンバー]</link:label>
    <link:labelArc xlink:type="arc" xlink:arcrole="http://www.xbrl.org/2003/arcrole/concept-label" xlink:from="ShoShuniMember" xlink:to="label_ShoShuniMember" />
    <link:label xlink:type="resource" xlink:label="label_ShoShuniMember_2" xml:lang="ja" xlink:role="http://www.xbrl.org/2003/role/label" id="label_ShoShuniMember_2">肖　俊偉</link:label>
    <link:labelArc xlink:type="arc" xlink:arcrole="http://www.xbrl.org/2003/arcrole/concept-label" xlink:from="ShoShuniMember" xlink:to="label_ShoShuniMember_2" />
    <link:label xlink:type="resource" xlink:label="label_ChoUnMember" xml:lang="ja" xlink:role="http://www.xbrl.org/2003/role/verboseLabel" id="label_ChoUnMember">丁　蘊 [メンバー]</link:label>
    <link:labelArc xlink:type="arc" xlink:arcrole="http://www.xbrl.org/2003/arcrole/concept-label" xlink:from="ChoUnMember" xlink:to="label_ChoUnMember" />
    <link:label xlink:type="resource" xlink:label="label_ChoUnMember_2" xml:lang="ja" xlink:role="http://www.xbrl.org/2003/role/label" id="label_ChoUnMember_2">丁　蘊</link:label>
    <link:labelArc xlink:type="arc" xlink:arcrole="http://www.xbrl.org/2003/arcrole/concept-label" xlink:from="ChoUnMember" xlink:to="label_ChoUnMember_2" />
    <link:label xlink:type="resource" xlink:label="label_NakaiYasuyoMember" xml:lang="ja" xlink:role="http://www.xbrl.org/2003/role/verboseLabel" id="label_NakaiYasuyoMember">中井　康代 [メンバー]</link:label>
    <link:labelArc xlink:type="arc" xlink:arcrole="http://www.xbrl.org/2003/arcrole/concept-label" xlink:from="NakaiYasuyoMember" xlink:to="label_NakaiYasuyoMember" />
    <link:label xlink:type="resource" xlink:label="label_NakaiYasuyoMember_2" xml:lang="ja" xlink:role="http://www.xbrl.org/2003/role/label" id="label_NakaiYasuyoMember_2">中井　康代</link:label>
    <link:labelArc xlink:type="arc" xlink:arcrole="http://www.xbrl.org/2003/arcrole/concept-label" xlink:from="NakaiYasuyoMember" xlink:to="label_NakaiYasuyoMember_2" />
    <link:label xlink:type="resource" xlink:label="label_IwaseEmiMember" xml:lang="ja" xlink:role="http://www.xbrl.org/2003/role/verboseLabel" id="label_IwaseEmiMember">岩瀬　絵美 [メンバー]</link:label>
    <link:labelArc xlink:type="arc" xlink:arcrole="http://www.xbrl.org/2003/arcrole/concept-label" xlink:from="IwaseEmiMember" xlink:to="label_IwaseEmiMember" />
    <link:label xlink:type="resource" xlink:label="label_IwaseEmiMember_2" xml:lang="ja" xlink:role="http://www.xbrl.org/2003/role/label" id="label_IwaseEmiMember_2">岩瀬　絵美</link:label>
    <link:labelArc xlink:type="arc" xlink:arcrole="http://www.xbrl.org/2003/arcrole/concept-label" xlink:from="IwaseEmiMember" xlink:to="label_IwaseEmiMember_2" />
    <link:label xlink:type="resource" xlink:label="label_TsurutaYoshiroMember" xml:lang="ja" xlink:role="http://www.xbrl.org/2003/role/verboseLabel" id="label_TsurutaYoshiroMember">鶴田　芳郎 [メンバー]</link:label>
    <link:labelArc xlink:type="arc" xlink:arcrole="http://www.xbrl.org/2003/arcrole/concept-label" xlink:from="TsurutaYoshiroMember" xlink:to="label_TsurutaYoshiroMember" />
    <link:label xlink:type="resource" xlink:label="label_TsurutaYoshiroMember_2" xml:lang="ja" xlink:role="http://www.xbrl.org/2003/role/label" id="label_TsurutaYoshiroMember_2">鶴田　芳郎</link:label>
    <link:labelArc xlink:type="arc" xlink:arcrole="http://www.xbrl.org/2003/arcrole/concept-label" xlink:from="TsurutaYoshiroMember" xlink:to="label_TsurutaYoshiroMember_2" />
    <link:label xlink:type="resource" xlink:label="label_SuganumaTakumiMember" xml:lang="ja" xlink:role="http://www.xbrl.org/2003/role/verboseLabel" id="label_SuganumaTakumiMember">菅沼　匠 [メンバー]</link:label>
    <link:labelArc xlink:type="arc" xlink:arcrole="http://www.xbrl.org/2003/arcrole/concept-label" xlink:from="SuganumaTakumiMember" xlink:to="label_SuganumaTakumiMember" />
    <link:label xlink:type="resource" xlink:label="label_SuganumaTakumiMember_2" xml:lang="ja" xlink:role="http://www.xbrl.org/2003/role/label" id="label_SuganumaTakumiMember_2">菅沼　匠</link:label>
    <link:labelArc xlink:type="arc" xlink:arcrole="http://www.xbrl.org/2003/arcrole/concept-label" xlink:from="SuganumaTakumiMember" xlink:to="label_SuganumaTakumiMember_2" />
    <link:label xlink:type="resource" xlink:label="label_SagawaAkioMember" xml:lang="ja" xlink:role="http://www.xbrl.org/2003/role/verboseLabel" id="label_SagawaAkioMember">佐川　明生 [メンバー]</link:label>
    <link:labelArc xlink:type="arc" xlink:arcrole="http://www.xbrl.org/2003/arcrole/concept-label" xlink:from="SagawaAkioMember" xlink:to="label_SagawaAkioMember" />
    <link:label xlink:type="resource" xlink:label="label_SagawaAkioMember_2" xml:lang="ja" xlink:role="http://www.xbrl.org/2003/role/label" id="label_SagawaAkioMember_2">佐川　明生</link:label>
    <link:labelArc xlink:type="arc" xlink:arcrole="http://www.xbrl.org/2003/arcrole/concept-label" xlink:from="SagawaAkioMember" xlink:to="label_SagawaAkioMember_2" />
    <link:label xlink:type="resource" xlink:label="label_SatoHirokazuMember" xml:lang="ja" xlink:role="http://www.xbrl.org/2003/role/verboseLabel" id="label_SatoHirokazuMember">佐藤　広一 [メンバー]</link:label>
    <link:labelArc xlink:type="arc" xlink:arcrole="http://www.xbrl.org/2003/arcrole/concept-label" xlink:from="SatoHirokazuMember" xlink:to="label_SatoHirokazuMember" />
    <link:label xlink:type="resource" xlink:label="label_SatoHirokazuMember_2" xml:lang="ja" xlink:role="http://www.xbrl.org/2003/role/label" id="label_SatoHirokazuMember_2">佐藤　広一</link:label>
    <link:labelArc xlink:type="arc" xlink:arcrole="http://www.xbrl.org/2003/arcrole/concept-label" xlink:from="SatoHirokazuMember" xlink:to="label_SatoHirokazuMember_2" />
    <link:label xlink:type="resource" xlink:label="label_OchiaiTakahiroMember" xml:lang="ja" xlink:role="http://www.xbrl.org/2003/role/verboseLabel" id="label_OchiaiTakahiroMember">落合　孝裕 [メンバー]</link:label>
    <link:labelArc xlink:type="arc" xlink:arcrole="http://www.xbrl.org/2003/arcrole/concept-label" xlink:from="OchiaiTakahiroMember" xlink:to="label_OchiaiTakahiroMember" />
    <link:label xlink:type="resource" xlink:label="label_OchiaiTakahiroMember_2" xml:lang="ja" xlink:role="http://www.xbrl.org/2003/role/label" id="label_OchiaiTakahiroMember_2">落合　孝裕</link:label>
    <link:labelArc xlink:type="arc" xlink:arcrole="http://www.xbrl.org/2003/arcrole/concept-label" xlink:from="OchiaiTakahiroMember" xlink:to="label_OchiaiTakahiroMember_2" />
  </link:labelLink>
</link:linkbase>