<?xml version="1.0" encoding="utf-8"?>
<!-- Generated by PRONEXUS WORKS -->
<link:linkbase xmlns:link="http://www.xbrl.org/2003/linkbase" xmlns:xsi="http://www.w3.org/2001/XMLSchema-instance" xmlns:xbrli="http://www.xbrl.org/2003/instance" xmlns:xlink="http://www.w3.org/1999/xlink">
  <link:labelLink xlink:type="extended" xlink:role="http://www.xbrl.org/2003/role/link">
    <link:loc xlink:type="locator" xlink:href="jpcrp030000-asr-001_E35170-000_2024-01-31_01_2024-04-30.xsd#jpcrp030000-asr_E35170-000_ShoShuniMember" xlink:label="ShoShuniMember" />
    <link:loc xlink:type="locator" xlink:href="jpcrp030000-asr-001_E35170-000_2024-01-31_01_2024-04-30.xsd#jpcrp030000-asr_E35170-000_ChoUnMember" xlink:label="ChoUnMember" />
    <link:loc xlink:type="locator" xlink:href="jpcrp030000-asr-001_E35170-000_2024-01-31_01_2024-04-30.xsd#jpcrp030000-asr_E35170-000_NakaiYasuyoMember" xlink:label="NakaiYasuyoMember" />
    <link:loc xlink:type="locator" xlink:href="jpcrp030000-asr-001_E35170-000_2024-01-31_01_2024-04-30.xsd#jpcrp030000-asr_E35170-000_IwaseEmiMember" xlink:label="IwaseEmiMember" />
    <link:loc xlink:type="locator" xlink:href="jpcrp030000-asr-001_E35170-000_2024-01-31_01_2024-04-30.xsd#jpcrp030000-asr_E35170-000_SuganumaTakumiMember" xlink:label="SuganumaTakumiMember" />
    <link:loc xlink:type="locator" xlink:href="jpcrp030000-asr-001_E35170-000_2024-01-31_01_2024-04-30.xsd#jpcrp030000-asr_E35170-000_OchiaiTakahiroMember" xlink:label="OchiaiTakahiroMember" />
    <link:loc xlink:type="locator" xlink:href="jpcrp030000-asr-001_E35170-000_2024-01-31_01_2024-04-30.xsd#jpcrp030000-asr_E35170-000_TsurutaYoshiroMember" xlink:label="TsurutaYoshiroMember" />
    <link:loc xlink:type="locator" xlink:href="jpcrp030000-asr-001_E35170-000_2024-01-31_01_2024-04-30.xsd#jpcrp030000-asr_E35170-000_SagawaAkioMember" xlink:label="SagawaAkioMember" />
    <link:loc xlink:type="locator" xlink:href="jpcrp030000-asr-001_E35170-000_2024-01-31_01_2024-04-30.xsd#jpcrp030000-asr_E35170-000_SatoHirokazuMember" xlink:label="SatoHirokazuMember" />
    <link:loc xlink:type="locator" xlink:href="jpcrp030000-asr-001_E35170-000_2024-01-31_01_2024-04-30.xsd#jpcrp030000-asr_E35170-000_BusinessCompansationNOI" xlink:label="BusinessCompansationNOI" />
    <link:loc xlink:type="locator" xlink:href="jpcrp030000-asr-001_E35170-000_2024-01-31_01_2024-04-30.xsd#jpcrp030000-asr_E35170-000_BusinessSupportFeeNOI" xlink:label="BusinessSupportFeeNOI" />
    <link:loc xlink:type="locator" xlink:href="jpcrp030000-asr-001_E35170-000_2024-01-31_01_2024-04-30.xsd#jpcrp030000-asr_E35170-000_IncreaseDecreaseInForwardExchangeContractsOpeCF" xlink:label="IncreaseDecreaseInForwardExchangeContractsOpeCF" />
    <link:loc xlink:type="locator" xlink:href="jpcrp030000-asr-001_E35170-000_2024-01-31_01_2024-04-30.xsd#jpcrp030000-asr_E35170-000_ProceedsFromSubsidyIncomeOpeCF" xlink:label="ProceedsFromSubsidyIncomeOpeCF" />
    <link:loc xlink:type="locator" xlink:href="jpcrp030000-asr-001_E35170-000_2024-01-31_01_2024-04-30.xsd#jpcrp030000-asr_E35170-000_ProvisionForCouponCertificatesCL" xlink:label="ProvisionForCouponCertificatesCL" />
    <link:loc xlink:type="locator" xlink:href="jpcrp030000-asr-001_E35170-000_2024-01-31_01_2024-04-30.xsd#jpcrp030000-asr_E35170-000_DisclosureOfSustainabilityRelatedFinancialInformationHeading" xlink:label="DisclosureOfSustainabilityRelatedFinancialInformationHeading" />
    <link:loc xlink:type="locator" xlink:href="jpcrp030000-asr-001_E35170-000_2024-01-31_01_2024-04-30.xsd#jpcrp030000-asr_E35170-000_DisclosureOfSustainabilityRelatedFinancialInformationTextBlock" xlink:label="DisclosureOfSustainabilityRelatedFinancialInformationTextBlock" />
    <link:loc xlink:type="locator" xlink:href="jpcrp030000-asr-001_E35170-000_2024-01-31_01_2024-04-30.xsd#jpcrp030000-asr_E35170-000_GovernanceTextBlock" xlink:label="GovernanceTextBlock" />
    <link:loc xlink:type="locator" xlink:href="jpcrp030000-asr-001_E35170-000_2024-01-31_01_2024-04-30.xsd#jpcrp030000-asr_E35170-000_ReferenceToOtherInformationGovernance" xlink:label="ReferenceToOtherInformationGovernance" />
    <link:loc xlink:type="locator" xlink:href="jpcrp030000-asr-001_E35170-000_2024-01-31_01_2024-04-30.xsd#jpcrp030000-asr_E35170-000_StrategyTextBlock" xlink:label="StrategyTextBlock" />
    <link:loc xlink:type="locator" xlink:href="jpcrp030000-asr-001_E35170-000_2024-01-31_01_2024-04-30.xsd#jpcrp030000-asr_E35170-000_PolicyOnHumanResourceDevelopmentAndImprovementOfInternalEnvironmentStrategyTextBlock" xlink:label="PolicyOnHumanResourceDevelopmentAndImprovementOfInternalEnvironmentStrategyTextBlock" />
    <link:loc xlink:type="locator" xlink:href="jpcrp030000-asr-001_E35170-000_2024-01-31_01_2024-04-30.xsd#jpcrp030000-asr_E35170-000_RiskManagementTextBlock" xlink:label="RiskManagementTextBlock" />
    <link:loc xlink:type="locator" xlink:href="jpcrp030000-asr-001_E35170-000_2024-01-31_01_2024-04-30.xsd#jpcrp030000-asr_E35170-000_MetricsAndTargetsTextBlock" xlink:label="MetricsAndTargetsTextBlock" />
    <link:loc xlink:type="locator" xlink:href="jpcrp030000-asr-001_E35170-000_2024-01-31_01_2024-04-30.xsd#jpcrp030000-asr_E35170-000_ReferenceToOtherInformationMetricsAndTargets" xlink:label="ReferenceToOtherInformationMetricsAndTargets" />
    <link:loc xlink:type="locator" xlink:href="jpcrp030000-asr-001_E35170-000_2024-01-31_01_2024-04-30.xsd#jpcrp030000-asr_E35170-000_DescriptionOfMetricsRelatedToPolicyOnHumanResourceDevelopmentAndImprovementOfInternalEnvironmentAndTargetsAndResultsUsingSuchMetricsMetricsAndTargetsTextBlock" xlink:label="DescriptionOfMetricsRelatedToPolicyOnHumanResourceDevelopmentAndImprovementOfInternalEnvironmentAndTargetsAndResultsUsingSuchMetricsMetricsAndTargetsTextBlock" />
    <link:loc xlink:type="locator" xlink:href="jpcrp030000-asr-001_E35170-000_2024-01-31_01_2024-04-30.xsd#jpcrp030000-asr_E35170-000_MergerExpendituresInvCF" xlink:label="MergerExpendituresInvCF" />
    <link:loc xlink:type="locator" xlink:href="jpcrp030000-asr-001_E35170-000_2024-01-31_01_2024-04-30.xsd#jpcrp030000-asr_E35170-000_ProvisionForCouponReserveSGA" xlink:label="ProvisionForCouponReserveSGA" />
    <link:label xlink:type="resource" xlink:label="label_ProvisionForCouponCertificatesCL" xml:lang="en" xlink:role="http://www.xbrl.org/2003/role/label" id="label_ProvisionForCouponCertificatesCL">Provision for Coupon certificates</link:label>
    <link:labelArc xlink:type="arc" xlink:arcrole="http://www.xbrl.org/2003/arcrole/concept-label" xlink:from="ProvisionForCouponCertificatesCL" xlink:to="label_ProvisionForCouponCertificatesCL" />
    <link:label xlink:type="resource" xlink:label="label_ProvisionForCouponCertificatesCL_2" xml:lang="en" xlink:role="http://www.xbrl.org/2003/role/verboseLabel" id="label_ProvisionForCouponCertificatesCL_2">Provision for Coupon certificates-CL</link:label>
    <link:labelArc xlink:type="arc" xlink:arcrole="http://www.xbrl.org/2003/arcrole/concept-label" xlink:from="ProvisionForCouponCertificatesCL" xlink:to="label_ProvisionForCouponCertificatesCL_2" />
    <link:label xlink:type="resource" xlink:label="label_BusinessSupportFeeNOI" xml:lang="en" xlink:role="http://www.xbrl.org/2003/role/label" id="label_BusinessSupportFeeNOI">Business support fee</link:label>
    <link:labelArc xlink:type="arc" xlink:arcrole="http://www.xbrl.org/2003/arcrole/concept-label" xlink:from="BusinessSupportFeeNOI" xlink:to="label_BusinessSupportFeeNOI" />
    <link:label xlink:type="resource" xlink:label="label_BusinessSupportFeeNOI_2" xml:lang="en" xlink:role="http://www.xbrl.org/2003/role/verboseLabel" id="label_BusinessSupportFeeNOI_2">Business support fee - NOI</link:label>
    <link:labelArc xlink:type="arc" xlink:arcrole="http://www.xbrl.org/2003/arcrole/concept-label" xlink:from="BusinessSupportFeeNOI" xlink:to="label_BusinessSupportFeeNOI_2" />
    <link:label xlink:type="resource" xlink:label="label_BusinessCompansationNOI" xml:lang="en" xlink:role="http://www.xbrl.org/2003/role/label" id="label_BusinessCompansationNOI">Business Compansation</link:label>
    <link:labelArc xlink:type="arc" xlink:arcrole="http://www.xbrl.org/2003/arcrole/concept-label" xlink:from="BusinessCompansationNOI" xlink:to="label_BusinessCompansationNOI" />
    <link:label xlink:type="resource" xlink:label="label_BusinessCompansationNOI_2" xml:lang="en" xlink:role="http://www.xbrl.org/2003/role/verboseLabel" id="label_BusinessCompansationNOI_2">Business Compansation-NOI</link:label>
    <link:labelArc xlink:type="arc" xlink:arcrole="http://www.xbrl.org/2003/arcrole/concept-label" xlink:from="BusinessCompansationNOI" xlink:to="label_BusinessCompansationNOI_2" />
    <link:label xlink:type="resource" xlink:label="label_DisclosureOfSustainabilityRelatedFinancialInformationHeading_2" xml:lang="en" xlink:role="http://www.xbrl.org/2003/role/label" id="label_DisclosureOfSustainabilityRelatedFinancialInformationHeading_2">Disclosure of Sustainability-related Financial Information</link:label>
    <link:labelArc xlink:type="arc" xlink:arcrole="http://www.xbrl.org/2003/arcrole/concept-label" xlink:from="DisclosureOfSustainabilityRelatedFinancialInformationHeading" xlink:to="label_DisclosureOfSustainabilityRelatedFinancialInformationHeading_2" />
    <link:label xlink:type="resource" xlink:label="label_DisclosureOfSustainabilityRelatedFinancialInformationHeading" xml:lang="en" xlink:role="http://www.xbrl.org/2003/role/verboseLabel" id="label_DisclosureOfSustainabilityRelatedFinancialInformationHeading">Disclosure of Sustainability-related Financial Information [heading]</link:label>
    <link:labelArc xlink:type="arc" xlink:arcrole="http://www.xbrl.org/2003/arcrole/concept-label" xlink:from="DisclosureOfSustainabilityRelatedFinancialInformationHeading" xlink:to="label_DisclosureOfSustainabilityRelatedFinancialInformationHeading" />
    <link:label xlink:type="resource" xlink:label="label_DisclosureOfSustainabilityRelatedFinancialInformationTextBlock_2" xml:lang="en" xlink:role="http://www.xbrl.org/2003/role/label" id="label_DisclosureOfSustainabilityRelatedFinancialInformationTextBlock_2">Disclosure of Sustainability-related Financial Information</link:label>
    <link:labelArc xlink:type="arc" xlink:arcrole="http://www.xbrl.org/2003/arcrole/concept-label" xlink:from="DisclosureOfSustainabilityRelatedFinancialInformationTextBlock" xlink:to="label_DisclosureOfSustainabilityRelatedFinancialInformationTextBlock_2" />
    <link:label xlink:type="resource" xlink:label="label_DisclosureOfSustainabilityRelatedFinancialInformationTextBlock" xml:lang="en" xlink:role="http://www.xbrl.org/2003/role/verboseLabel" id="label_DisclosureOfSustainabilityRelatedFinancialInformationTextBlock">Disclosure of Sustainability-related Financial Information [text block]</link:label>
    <link:labelArc xlink:type="arc" xlink:arcrole="http://www.xbrl.org/2003/arcrole/concept-label" xlink:from="DisclosureOfSustainabilityRelatedFinancialInformationTextBlock" xlink:to="label_DisclosureOfSustainabilityRelatedFinancialInformationTextBlock" />
    <link:label xlink:type="resource" xlink:label="label_GovernanceTextBlock_2" xml:lang="en" xlink:role="http://www.xbrl.org/2003/role/label" id="label_GovernanceTextBlock_2">Governance</link:label>
    <link:labelArc xlink:type="arc" xlink:arcrole="http://www.xbrl.org/2003/arcrole/concept-label" xlink:from="GovernanceTextBlock" xlink:to="label_GovernanceTextBlock_2" />
    <link:label xlink:type="resource" xlink:label="label_GovernanceTextBlock" xml:lang="en" xlink:role="http://www.xbrl.org/2003/role/verboseLabel" id="label_GovernanceTextBlock">Governance [text block]</link:label>
    <link:labelArc xlink:type="arc" xlink:arcrole="http://www.xbrl.org/2003/arcrole/concept-label" xlink:from="GovernanceTextBlock" xlink:to="label_GovernanceTextBlock" />
    <link:label xlink:type="resource" xlink:label="label_ReferenceToOtherInformationGovernance_2" xml:lang="en" xlink:role="http://www.xbrl.org/2003/role/label" id="label_ReferenceToOtherInformationGovernance_2">Reference to other information</link:label>
    <link:labelArc xlink:type="arc" xlink:arcrole="http://www.xbrl.org/2003/arcrole/concept-label" xlink:from="ReferenceToOtherInformationGovernance" xlink:to="label_ReferenceToOtherInformationGovernance_2" />
    <link:label xlink:type="resource" xlink:label="label_ReferenceToOtherInformationGovernance" xml:lang="en" xlink:role="http://www.xbrl.org/2003/role/verboseLabel" id="label_ReferenceToOtherInformationGovernance">Reference to other information, Governance</link:label>
    <link:labelArc xlink:type="arc" xlink:arcrole="http://www.xbrl.org/2003/arcrole/concept-label" xlink:from="ReferenceToOtherInformationGovernance" xlink:to="label_ReferenceToOtherInformationGovernance" />
    <link:label xlink:type="resource" xlink:label="label_StrategyTextBlock_2" xml:lang="en" xlink:role="http://www.xbrl.org/2003/role/label" id="label_StrategyTextBlock_2">Strategy</link:label>
    <link:labelArc xlink:type="arc" xlink:arcrole="http://www.xbrl.org/2003/arcrole/concept-label" xlink:from="StrategyTextBlock" xlink:to="label_StrategyTextBlock_2" />
    <link:label xlink:type="resource" xlink:label="label_StrategyTextBlock" xml:lang="en" xlink:role="http://www.xbrl.org/2003/role/verboseLabel" id="label_StrategyTextBlock">Strategy [text block]</link:label>
    <link:labelArc xlink:type="arc" xlink:arcrole="http://www.xbrl.org/2003/arcrole/concept-label" xlink:from="StrategyTextBlock" xlink:to="label_StrategyTextBlock" />
    <link:label xlink:type="resource" xlink:label="label_PolicyOnHumanResourceDevelopmentAndImprovementOfInternalEnvironmentStrategyTextBlock_2" xml:lang="en" xlink:role="http://www.xbrl.org/2003/role/label" id="label_PolicyOnHumanResourceDevelopmentAndImprovementOfInternalEnvironmentStrategyTextBlock_2">Policy on human resource development and improvement of internal environment</link:label>
    <link:labelArc xlink:type="arc" xlink:arcrole="http://www.xbrl.org/2003/arcrole/concept-label" xlink:from="PolicyOnHumanResourceDevelopmentAndImprovementOfInternalEnvironmentStrategyTextBlock" xlink:to="label_PolicyOnHumanResourceDevelopmentAndImprovementOfInternalEnvironmentStrategyTextBlock_2" />
    <link:label xlink:type="resource" xlink:label="label_PolicyOnHumanResourceDevelopmentAndImprovementOfInternalEnvironmentStrategyTextBlock" xml:lang="en" xlink:role="http://www.xbrl.org/2003/role/verboseLabel" id="label_PolicyOnHumanResourceDevelopmentAndImprovementOfInternalEnvironmentStrategyTextBlock">Policy on human resource development and improvement of internal environment, Strategy [text block]</link:label>
    <link:labelArc xlink:type="arc" xlink:arcrole="http://www.xbrl.org/2003/arcrole/concept-label" xlink:from="PolicyOnHumanResourceDevelopmentAndImprovementOfInternalEnvironmentStrategyTextBlock" xlink:to="label_PolicyOnHumanResourceDevelopmentAndImprovementOfInternalEnvironmentStrategyTextBlock" />
    <link:label xlink:type="resource" xlink:label="label_RiskManagementTextBlock_2" xml:lang="en" xlink:role="http://www.xbrl.org/2003/role/label" id="label_RiskManagementTextBlock_2">Risk management</link:label>
    <link:labelArc xlink:type="arc" xlink:arcrole="http://www.xbrl.org/2003/arcrole/concept-label" xlink:from="RiskManagementTextBlock" xlink:to="label_RiskManagementTextBlock_2" />
    <link:label xlink:type="resource" xlink:label="label_RiskManagementTextBlock" xml:lang="en" xlink:role="http://www.xbrl.org/2003/role/verboseLabel" id="label_RiskManagementTextBlock">Risk management [text block]</link:label>
    <link:labelArc xlink:type="arc" xlink:arcrole="http://www.xbrl.org/2003/arcrole/concept-label" xlink:from="RiskManagementTextBlock" xlink:to="label_RiskManagementTextBlock" />
    <link:label xlink:type="resource" xlink:label="label_MetricsAndTargetsTextBlock_2" xml:lang="en" xlink:role="http://www.xbrl.org/2003/role/label" id="label_MetricsAndTargetsTextBlock_2">Metrics and targets</link:label>
    <link:labelArc xlink:type="arc" xlink:arcrole="http://www.xbrl.org/2003/arcrole/concept-label" xlink:from="MetricsAndTargetsTextBlock" xlink:to="label_MetricsAndTargetsTextBlock_2" />
    <link:label xlink:type="resource" xlink:label="label_MetricsAndTargetsTextBlock" xml:lang="en" xlink:role="http://www.xbrl.org/2003/role/verboseLabel" id="label_MetricsAndTargetsTextBlock">Metrics and targets [text block]</link:label>
    <link:labelArc xlink:type="arc" xlink:arcrole="http://www.xbrl.org/2003/arcrole/concept-label" xlink:from="MetricsAndTargetsTextBlock" xlink:to="label_MetricsAndTargetsTextBlock" />
    <link:label xlink:type="resource" xlink:label="label_ReferenceToOtherInformationMetricsAndTargets_2" xml:lang="en" xlink:role="http://www.xbrl.org/2003/role/label" id="label_ReferenceToOtherInformationMetricsAndTargets_2">Reference to other information</link:label>
    <link:labelArc xlink:type="arc" xlink:arcrole="http://www.xbrl.org/2003/arcrole/concept-label" xlink:from="ReferenceToOtherInformationMetricsAndTargets" xlink:to="label_ReferenceToOtherInformationMetricsAndTargets_2" />
    <link:label xlink:type="resource" xlink:label="label_ReferenceToOtherInformationMetricsAndTargets" xml:lang="en" xlink:role="http://www.xbrl.org/2003/role/verboseLabel" id="label_ReferenceToOtherInformationMetricsAndTargets">Reference to other information, Metrics and targets</link:label>
    <link:labelArc xlink:type="arc" xlink:arcrole="http://www.xbrl.org/2003/arcrole/concept-label" xlink:from="ReferenceToOtherInformationMetricsAndTargets" xlink:to="label_ReferenceToOtherInformationMetricsAndTargets" />
    <link:label xlink:type="resource" xlink:label="label_DescriptionOfMetricsRelatedToPolicyOnHumanResourceDevelopmentAndImprovementOfInternalEnvironmentAndTargetsAndResultsUsingSuchMetricsMetricsAndTargetsTextBlock_2" xml:lang="en" xlink:role="http://www.xbrl.org/2003/role/label" id="label_DescriptionOfMetricsRelatedToPolicyOnHumanResourceDevelopmentAndImprovementOfInternalEnvironmentAndTargetsAndResultsUsingSuchMetricsMetricsAndTargetsTextBlock_2">Description of metrics related to policy on human resource development and improvement of internal environment, and targets and results using such metrics</link:label>
    <link:labelArc xlink:type="arc" xlink:arcrole="http://www.xbrl.org/2003/arcrole/concept-label" xlink:from="DescriptionOfMetricsRelatedToPolicyOnHumanResourceDevelopmentAndImprovementOfInternalEnvironmentAndTargetsAndResultsUsingSuchMetricsMetricsAndTargetsTextBlock" xlink:to="label_DescriptionOfMetricsRelatedToPolicyOnHumanResourceDevelopmentAndImprovementOfInternalEnvironmentAndTargetsAndResultsUsingSuchMetricsMetricsAndTargetsTextBlock_2" />
    <link:label xlink:type="resource" xlink:label="label_DescriptionOfMetricsRelatedToPolicyOnHumanResourceDevelopmentAndImprovementOfInternalEnvironmentAndTargetsAndResultsUsingSuchMetricsMetricsAndTargetsTextBlock" xml:lang="en" xlink:role="http://www.xbrl.org/2003/role/verboseLabel" id="label_DescriptionOfMetricsRelatedToPolicyOnHumanResourceDevelopmentAndImprovementOfInternalEnvironmentAndTargetsAndResultsUsingSuchMetricsMetricsAndTargetsTextBlock">Description of metrics related to policy on human resource development and improvement of internal environment, and targets and results using such metrics, Metrics and targets [text block]</link:label>
    <link:labelArc xlink:type="arc" xlink:arcrole="http://www.xbrl.org/2003/arcrole/concept-label" xlink:from="DescriptionOfMetricsRelatedToPolicyOnHumanResourceDevelopmentAndImprovementOfInternalEnvironmentAndTargetsAndResultsUsingSuchMetricsMetricsAndTargetsTextBlock" xlink:to="label_DescriptionOfMetricsRelatedToPolicyOnHumanResourceDevelopmentAndImprovementOfInternalEnvironmentAndTargetsAndResultsUsingSuchMetricsMetricsAndTargetsTextBlock" />
    <link:label xlink:type="resource" xlink:label="label_MergerExpendituresInvCF" xml:lang="en" xlink:role="http://www.xbrl.org/2003/role/label" id="label_MergerExpendituresInvCF">Merger expenditures</link:label>
    <link:labelArc xlink:type="arc" xlink:arcrole="http://www.xbrl.org/2003/arcrole/concept-label" xlink:from="MergerExpendituresInvCF" xlink:to="label_MergerExpendituresInvCF" />
    <link:label xlink:type="resource" xlink:label="label_MergerExpendituresInvCF_2" xml:lang="en" xlink:role="http://www.xbrl.org/2003/role/verboseLabel" id="label_MergerExpendituresInvCF_2">Merger expenditures - InvCF</link:label>
    <link:labelArc xlink:type="arc" xlink:arcrole="http://www.xbrl.org/2003/arcrole/concept-label" xlink:from="MergerExpendituresInvCF" xlink:to="label_MergerExpendituresInvCF_2" />
    <link:label xlink:type="resource" xlink:label="label_IncreaseDecreaseInForwardExchangeContractsOpeCF" xml:lang="en" xlink:role="http://www.xbrl.org/2003/role/label" id="label_IncreaseDecreaseInForwardExchangeContractsOpeCF">Increase (decrease) in forward exchange contracts</link:label>
    <link:labelArc xlink:type="arc" xlink:arcrole="http://www.xbrl.org/2003/arcrole/concept-label" xlink:from="IncreaseDecreaseInForwardExchangeContractsOpeCF" xlink:to="label_IncreaseDecreaseInForwardExchangeContractsOpeCF" />
    <link:label xlink:type="resource" xlink:label="label_IncreaseDecreaseInForwardExchangeContractsOpeCF_2" xml:lang="en" xlink:role="http://www.xbrl.org/2003/role/verboseLabel" id="label_IncreaseDecreaseInForwardExchangeContractsOpeCF_2">Increase (decrease) in forward exchange contracts-OpeCF</link:label>
    <link:labelArc xlink:type="arc" xlink:arcrole="http://www.xbrl.org/2003/arcrole/concept-label" xlink:from="IncreaseDecreaseInForwardExchangeContractsOpeCF" xlink:to="label_IncreaseDecreaseInForwardExchangeContractsOpeCF_2" />
    <link:label xlink:type="resource" xlink:label="label_ProceedsFromSubsidyIncomeOpeCF" xml:lang="en" xlink:role="http://www.xbrl.org/2003/role/label" id="label_ProceedsFromSubsidyIncomeOpeCF">Proceeds from subsidy income</link:label>
    <link:labelArc xlink:type="arc" xlink:arcrole="http://www.xbrl.org/2003/arcrole/concept-label" xlink:from="ProceedsFromSubsidyIncomeOpeCF" xlink:to="label_ProceedsFromSubsidyIncomeOpeCF" />
    <link:label xlink:type="resource" xlink:label="label_ProceedsFromSubsidyIncomeOpeCF_2" xml:lang="en" xlink:role="http://www.xbrl.org/2003/role/verboseLabel" id="label_ProceedsFromSubsidyIncomeOpeCF_2">Proceeds from subsidy income - OpeCF</link:label>
    <link:labelArc xlink:type="arc" xlink:arcrole="http://www.xbrl.org/2003/arcrole/concept-label" xlink:from="ProceedsFromSubsidyIncomeOpeCF" xlink:to="label_ProceedsFromSubsidyIncomeOpeCF_2" />
    <link:label xlink:type="resource" xlink:label="label_ProvisionForCouponReserveSGA" xml:lang="en" xlink:role="http://www.xbrl.org/2003/role/label" id="label_ProvisionForCouponReserveSGA">Provision for Coupon reserve</link:label>
    <link:labelArc xlink:type="arc" xlink:arcrole="http://www.xbrl.org/2003/arcrole/concept-label" xlink:from="ProvisionForCouponReserveSGA" xlink:to="label_ProvisionForCouponReserveSGA" />
    <link:label xlink:type="resource" xlink:label="label_ProvisionForCouponReserveSGA_2" xml:lang="en" xlink:role="http://www.xbrl.org/2003/role/verboseLabel" id="label_ProvisionForCouponReserveSGA_2">Provision for Coupon reserve - SGA</link:label>
    <link:labelArc xlink:type="arc" xlink:arcrole="http://www.xbrl.org/2003/arcrole/concept-label" xlink:from="ProvisionForCouponReserveSGA" xlink:to="label_ProvisionForCouponReserveSGA_2" />
    <link:label xlink:type="resource" xlink:label="label_ShoShuniMember" xml:lang="en" xlink:role="http://www.xbrl.org/2003/role/verboseLabel" id="label_ShoShuniMember">Sho, Shuni [member]</link:label>
    <link:labelArc xlink:type="arc" xlink:arcrole="http://www.xbrl.org/2003/arcrole/concept-label" xlink:from="ShoShuniMember" xlink:to="label_ShoShuniMember" />
    <link:label xlink:type="resource" xlink:label="label_ShoShuniMember_2" xml:lang="en" xlink:role="http://www.xbrl.org/2003/role/label" id="label_ShoShuniMember_2">Sho, Shuni</link:label>
    <link:labelArc xlink:type="arc" xlink:arcrole="http://www.xbrl.org/2003/arcrole/concept-label" xlink:from="ShoShuniMember" xlink:to="label_ShoShuniMember_2" />
    <link:label xlink:type="resource" xlink:label="label_ChoUnMember" xml:lang="en" xlink:role="http://www.xbrl.org/2003/role/verboseLabel" id="label_ChoUnMember">Cho, Un [member]</link:label>
    <link:labelArc xlink:type="arc" xlink:arcrole="http://www.xbrl.org/2003/arcrole/concept-label" xlink:from="ChoUnMember" xlink:to="label_ChoUnMember" />
    <link:label xlink:type="resource" xlink:label="label_ChoUnMember_2" xml:lang="en" xlink:role="http://www.xbrl.org/2003/role/label" id="label_ChoUnMember_2">Cho, Un</link:label>
    <link:labelArc xlink:type="arc" xlink:arcrole="http://www.xbrl.org/2003/arcrole/concept-label" xlink:from="ChoUnMember" xlink:to="label_ChoUnMember_2" />
    <link:label xlink:type="resource" xlink:label="label_NakaiYasuyoMember" xml:lang="en" xlink:role="http://www.xbrl.org/2003/role/verboseLabel" id="label_NakaiYasuyoMember">Nakai, Yasuyo [member]</link:label>
    <link:labelArc xlink:type="arc" xlink:arcrole="http://www.xbrl.org/2003/arcrole/concept-label" xlink:from="NakaiYasuyoMember" xlink:to="label_NakaiYasuyoMember" />
    <link:label xlink:type="resource" xlink:label="label_NakaiYasuyoMember_2" xml:lang="en" xlink:role="http://www.xbrl.org/2003/role/label" id="label_NakaiYasuyoMember_2">Nakai, Yasuyo</link:label>
    <link:labelArc xlink:type="arc" xlink:arcrole="http://www.xbrl.org/2003/arcrole/concept-label" xlink:from="NakaiYasuyoMember" xlink:to="label_NakaiYasuyoMember_2" />
    <link:label xlink:type="resource" xlink:label="label_IwaseEmiMember" xml:lang="en" xlink:role="http://www.xbrl.org/2003/role/verboseLabel" id="label_IwaseEmiMember">Iwase, Emi [member]</link:label>
    <link:labelArc xlink:type="arc" xlink:arcrole="http://www.xbrl.org/2003/arcrole/concept-label" xlink:from="IwaseEmiMember" xlink:to="label_IwaseEmiMember" />
    <link:label xlink:type="resource" xlink:label="label_IwaseEmiMember_2" xml:lang="en" xlink:role="http://www.xbrl.org/2003/role/label" id="label_IwaseEmiMember_2">Iwase, Emi</link:label>
    <link:labelArc xlink:type="arc" xlink:arcrole="http://www.xbrl.org/2003/arcrole/concept-label" xlink:from="IwaseEmiMember" xlink:to="label_IwaseEmiMember_2" />
    <link:label xlink:type="resource" xlink:label="label_TsurutaYoshiroMember" xml:lang="en" xlink:role="http://www.xbrl.org/2003/role/verboseLabel" id="label_TsurutaYoshiroMember">Tsuruta, Yoshiro [member]</link:label>
    <link:labelArc xlink:type="arc" xlink:arcrole="http://www.xbrl.org/2003/arcrole/concept-label" xlink:from="TsurutaYoshiroMember" xlink:to="label_TsurutaYoshiroMember" />
    <link:label xlink:type="resource" xlink:label="label_TsurutaYoshiroMember_2" xml:lang="en" xlink:role="http://www.xbrl.org/2003/role/label" id="label_TsurutaYoshiroMember_2">Tsuruta, Yoshiro</link:label>
    <link:labelArc xlink:type="arc" xlink:arcrole="http://www.xbrl.org/2003/arcrole/concept-label" xlink:from="TsurutaYoshiroMember" xlink:to="label_TsurutaYoshiroMember_2" />
    <link:label xlink:type="resource" xlink:label="label_SuganumaTakumiMember" xml:lang="en" xlink:role="http://www.xbrl.org/2003/role/verboseLabel" id="label_SuganumaTakumiMember">Suganuma, Takumi [member]</link:label>
    <link:labelArc xlink:type="arc" xlink:arcrole="http://www.xbrl.org/2003/arcrole/concept-label" xlink:from="SuganumaTakumiMember" xlink:to="label_SuganumaTakumiMember" />
    <link:label xlink:type="resource" xlink:label="label_SuganumaTakumiMember_2" xml:lang="en" xlink:role="http://www.xbrl.org/2003/role/label" id="label_SuganumaTakumiMember_2">Suganuma, Takumi</link:label>
    <link:labelArc xlink:type="arc" xlink:arcrole="http://www.xbrl.org/2003/arcrole/concept-label" xlink:from="SuganumaTakumiMember" xlink:to="label_SuganumaTakumiMember_2" />
    <link:label xlink:type="resource" xlink:label="label_SagawaAkioMember" xml:lang="en" xlink:role="http://www.xbrl.org/2003/role/verboseLabel" id="label_SagawaAkioMember">Sagawa, Akio [member]</link:label>
    <link:labelArc xlink:type="arc" xlink:arcrole="http://www.xbrl.org/2003/arcrole/concept-label" xlink:from="SagawaAkioMember" xlink:to="label_SagawaAkioMember" />
    <link:label xlink:type="resource" xlink:label="label_SagawaAkioMember_2" xml:lang="en" xlink:role="http://www.xbrl.org/2003/role/label" id="label_SagawaAkioMember_2">Sagawa, Akio</link:label>
    <link:labelArc xlink:type="arc" xlink:arcrole="http://www.xbrl.org/2003/arcrole/concept-label" xlink:from="SagawaAkioMember" xlink:to="label_SagawaAkioMember_2" />
    <link:label xlink:type="resource" xlink:label="label_SatoHirokazuMember" xml:lang="en" xlink:role="http://www.xbrl.org/2003/role/verboseLabel" id="label_SatoHirokazuMember">Sato, Hirokazu [member]</link:label>
    <link:labelArc xlink:type="arc" xlink:arcrole="http://www.xbrl.org/2003/arcrole/concept-label" xlink:from="SatoHirokazuMember" xlink:to="label_SatoHirokazuMember" />
    <link:label xlink:type="resource" xlink:label="label_SatoHirokazuMember_2" xml:lang="en" xlink:role="http://www.xbrl.org/2003/role/label" id="label_SatoHirokazuMember_2">Sato, Hirokazu</link:label>
    <link:labelArc xlink:type="arc" xlink:arcrole="http://www.xbrl.org/2003/arcrole/concept-label" xlink:from="SatoHirokazuMember" xlink:to="label_SatoHirokazuMember_2" />
    <link:label xlink:type="resource" xlink:label="label_OchiaiTakahiroMember" xml:lang="en" xlink:role="http://www.xbrl.org/2003/role/verboseLabel" id="label_OchiaiTakahiroMember">Ochiai, Takahiro [member]</link:label>
    <link:labelArc xlink:type="arc" xlink:arcrole="http://www.xbrl.org/2003/arcrole/concept-label" xlink:from="OchiaiTakahiroMember" xlink:to="label_OchiaiTakahiroMember" />
    <link:label xlink:type="resource" xlink:label="label_OchiaiTakahiroMember_2" xml:lang="en" xlink:role="http://www.xbrl.org/2003/role/label" id="label_OchiaiTakahiroMember_2">Ochiai, Takahiro</link:label>
    <link:labelArc xlink:type="arc" xlink:arcrole="http://www.xbrl.org/2003/arcrole/concept-label" xlink:from="OchiaiTakahiroMember" xlink:to="label_OchiaiTakahiroMember_2" />
  </link:labelLink>
</link:linkbase>