<?xml version="1.0" encoding="utf-8"?>
<manifest xmlns="http://disclosure.edinet-fsa.go.jp/2013/manifest">
  <tocComposition>
    <title xml:lang="ja">独立監査人の報告書</title>
    <title xml:lang="en">Independent Auditors' Report</title>
    <item ref="jpaud" extrole="http://disclosure.edinet-fsa.go.jp/role/jpcrp/rol_IndependentAuditorsReport" in="presentation" />
  </tocComposition>
  <list>
    <instance id="jpaud" type="AuditDoc" preferredFilename="jpaud-aar-cn-001_E36322-000_2024-01-31_01_2024-04-26.xbrl">
      <ixbrl>jpaud-aar-cn-001_E36322-000_2024-01-31_01_2024-04-26_ixbrl.htm</ixbrl>
    </instance>
  </list>
</manifest>