﻿<?xml version="1.0" encoding="utf-8"?>
<!-- XBRL Document Created with WizLabo Platform -->
<link:linkbase xmlns:xlink="http://www.w3.org/1999/xlink" xmlns:xsi="http://www.w3.org/2001/XMLSchema-instance" xmlns:link="http://www.xbrl.org/2003/linkbase">
  <link:labelLink xlink:type="extended" xlink:role="http://www.xbrl.org/2003/role/link">
    <link:label xml:lang="en" xlink:type="resource" xlink:label="jpcrp030000-asr_E36322-000_AkiyamaHirotoshiMember_label" xlink:role="http://www.xbrl.org/2003/role/label">Akiyama, Hirotoshi</link:label>
    <link:label xml:lang="en" xlink:type="resource" xlink:label="jpcrp030000-asr_E36322-000_AkiyamaHirotoshiMember_label_1" xlink:role="http://www.xbrl.org/2003/role/verboseLabel">Akiyama, Hirotoshi [member]</link:label>
    <link:label xml:lang="en" xlink:type="resource" xlink:label="jpcrp030000-asr_E36322-000_AmortizationOfLeaseDepositsOpeCF_label" xlink:role="http://www.xbrl.org/2003/role/label">Amortization of lease deposits</link:label>
    <link:label xml:lang="en" xlink:type="resource" xlink:label="jpcrp030000-asr_E36322-000_AmortizationOfLeaseDepositsOpeCF_label_1" xlink:role="http://www.xbrl.org/2003/role/verboseLabel">Amortization of lease deposits-OpeCF</link:label>
    <link:label xml:lang="en" xlink:type="resource" xlink:label="jpcrp030000-asr_E36322-000_DecreaseIncreaseInInvestmentOpeCF_label" xlink:role="http://www.xbrl.org/2003/role/label">Decrease (increase) in investment</link:label>
    <link:label xml:lang="en" xlink:type="resource" xlink:label="jpcrp030000-asr_E36322-000_DecreaseIncreaseInInvestmentOpeCF_label_1" xlink:role="http://www.xbrl.org/2003/role/verboseLabel">Decrease (increase) in investment-OpeCF</link:label>
    <link:label xml:lang="en" xlink:type="resource" xlink:label="jpcrp030000-asr_E36322-000_DecreaseIncreaseInMerchandiseOpeCF_label" xlink:role="http://www.xbrl.org/2003/role/label">Decrease (increase) in merchandise</link:label>
    <link:label xml:lang="en" xlink:type="resource" xlink:label="jpcrp030000-asr_E36322-000_DecreaseIncreaseInMerchandiseOpeCF_label_1" xlink:role="http://www.xbrl.org/2003/role/verboseLabel">Decrease (increase) in merchandise-OpeCF</link:label>
    <link:label xml:lang="en" xlink:type="resource" xlink:label="jpcrp030000-asr_E36322-000_DescriptionOfMetricsRelatedToPolicyOnHumanResourceDevelopmentAndImprovementOfInternalEnvironmentAndTargetsAndResultsUsingSuchMetricsMetricsAndTargetsTextBlock_label" xlink:role="http://www.xbrl.org/2003/role/label">Description of metrics related to policy on human resource development and improvement of internal environment, and targets and results using such metrics</link:label>
    <link:label xml:lang="en" xlink:type="resource" xlink:label="jpcrp030000-asr_E36322-000_DescriptionOfMetricsRelatedToPolicyOnHumanResourceDevelopmentAndImprovementOfInternalEnvironmentAndTargetsAndResultsUsingSuchMetricsMetricsAndTargetsTextBlock_label_1" xlink:role="http://www.xbrl.org/2003/role/verboseLabel">Description of metrics related to policy on human resource development and improvement of internal environment, and targets and results using such metrics, Metrics and targets [text block]</link:label>
    <link:label xml:lang="en" xlink:type="resource" xlink:label="jpcrp030000-asr_E36322-000_DisclosureOfSustainabilityRelatedFinancialInformationHeading_label" xlink:role="http://www.xbrl.org/2003/role/label">Disclosure of Sustainability-related Financial Information</link:label>
    <link:label xml:lang="en" xlink:type="resource" xlink:label="jpcrp030000-asr_E36322-000_DisclosureOfSustainabilityRelatedFinancialInformationHeading_label_1" xlink:role="http://www.xbrl.org/2003/role/verboseLabel">Disclosure of Sustainability-related Financial Information [heading]</link:label>
    <link:label xml:lang="en" xlink:type="resource" xlink:label="jpcrp030000-asr_E36322-000_DisclosureOfSustainabilityRelatedFinancialInformationTextBlock_label" xlink:role="http://www.xbrl.org/2003/role/label">Disclosure of Sustainability-related Financial Information</link:label>
    <link:label xml:lang="en" xlink:type="resource" xlink:label="jpcrp030000-asr_E36322-000_DisclosureOfSustainabilityRelatedFinancialInformationTextBlock_label_1" xlink:role="http://www.xbrl.org/2003/role/verboseLabel">Disclosure of Sustainability-related Financial Information [text block]</link:label>
    <link:label xml:lang="en" xlink:type="resource" xlink:label="jpcrp030000-asr_E36322-000_GovernanceTextBlock_label" xlink:role="http://www.xbrl.org/2003/role/label">Governance</link:label>
    <link:label xml:lang="en" xlink:type="resource" xlink:label="jpcrp030000-asr_E36322-000_GovernanceTextBlock_label_1" xlink:role="http://www.xbrl.org/2003/role/verboseLabel">Governance [text block]</link:label>
    <link:label xml:lang="en" xlink:type="resource" xlink:label="jpcrp030000-asr_E36322-000_HayakawaHaruhikoMember_label" xlink:role="http://www.xbrl.org/2003/role/label">Hayakawa, Haruhiko</link:label>
    <link:label xml:lang="en" xlink:type="resource" xlink:label="jpcrp030000-asr_E36322-000_HayakawaHaruhikoMember_label_1" xlink:role="http://www.xbrl.org/2003/role/verboseLabel">Hayakawa, Haruhiko [member]</link:label>
    <link:label xml:lang="en" xlink:type="resource" xlink:label="jpcrp030000-asr_E36322-000_IncreaseDecreaseInContractLiabilitiesOpeCF_label" xlink:role="http://www.xbrl.org/2003/role/label">Increase (decrease) in contract liabilities</link:label>
    <link:label xml:lang="en" xlink:type="resource" xlink:label="jpcrp030000-asr_E36322-000_IncreaseDecreaseInContractLiabilitiesOpeCF_label_1" xlink:role="http://www.xbrl.org/2003/role/verboseLabel">Increase (decrease) in contract liabilities-OpeCF</link:label>
    <link:label xml:lang="en" xlink:type="resource" xlink:label="jpcrp030000-asr_E36322-000_NakajimaAnnaMember_label" xlink:role="http://www.xbrl.org/2003/role/label">Nakajima, Anna</link:label>
    <link:label xml:lang="en" xlink:type="resource" xlink:label="jpcrp030000-asr_E36322-000_NakajimaAnnaMember_label_1" xlink:role="http://www.xbrl.org/2003/role/verboseLabel">Nakajima, Anna [member]</link:label>
    <link:label xml:lang="en" xlink:type="resource" xlink:label="jpcrp030000-asr_E36322-000_NakajimaMizukiMember_label" xlink:role="http://www.xbrl.org/2003/role/label">Nakajima, Mizuki</link:label>
    <link:label xml:lang="en" xlink:type="resource" xlink:label="jpcrp030000-asr_E36322-000_NakajimaMizukiMember_label_1" xlink:role="http://www.xbrl.org/2003/role/verboseLabel">Nakajima, Mizuki [member]</link:label>
    <link:label xml:lang="en" xlink:type="resource" xlink:label="jpcrp030000-asr_E36322-000_PaymentsForContributionsInLeaseDepositsInvCF_label" xlink:role="http://www.xbrl.org/2003/role/label">Payments for contributions in lease deposits</link:label>
    <link:label xml:lang="en" xlink:type="resource" xlink:label="jpcrp030000-asr_E36322-000_PaymentsForContributionsInLeaseDepositsInvCF_label_1" xlink:role="http://www.xbrl.org/2003/role/verboseLabel">Payments for contributions in lease deposits-InvCF</link:label>
    <link:label xml:lang="en" xlink:type="resource" xlink:label="jpcrp030000-asr_E36322-000_PayrollsAndBonusesSGA_label" xlink:role="http://www.xbrl.org/2003/role/label">Payrolls and bonuses</link:label>
    <link:label xml:lang="en" xlink:type="resource" xlink:label="jpcrp030000-asr_E36322-000_PayrollsAndBonusesSGA_label_1" xlink:role="http://www.xbrl.org/2003/role/verboseLabel">Payrolls and bonuses-SGA</link:label>
    <link:label xml:lang="en" xlink:type="resource" xlink:label="jpcrp030000-asr_E36322-000_ReferenceToOtherInformationGovernance_label" xlink:role="http://www.xbrl.org/2003/role/label">Reference to other information</link:label>
    <link:label xml:lang="en" xlink:type="resource" xlink:label="jpcrp030000-asr_E36322-000_ReferenceToOtherInformationGovernance_label_1" xlink:role="http://www.xbrl.org/2003/role/verboseLabel">Reference to other information, Governance</link:label>
    <link:label xml:lang="en" xlink:type="resource" xlink:label="jpcrp030000-asr_E36322-000_ReferenceToOtherInformationRiskManagement_label" xlink:role="http://www.xbrl.org/2003/role/label">Reference to other information</link:label>
    <link:label xml:lang="en" xlink:type="resource" xlink:label="jpcrp030000-asr_E36322-000_ReferenceToOtherInformationRiskManagement_label_1" xlink:role="http://www.xbrl.org/2003/role/verboseLabel">Reference to other information, Risk management</link:label>
    <link:label xml:lang="en" xlink:type="resource" xlink:label="jpcrp030000-asr_E36322-000_RiskManagementTextBlock_label" xlink:role="http://www.xbrl.org/2003/role/label">Risk management</link:label>
    <link:label xml:lang="en" xlink:type="resource" xlink:label="jpcrp030000-asr_E36322-000_RiskManagementTextBlock_label_1" xlink:role="http://www.xbrl.org/2003/role/verboseLabel">Risk management [text block]</link:label>
    <link:label xml:lang="en" xlink:type="resource" xlink:label="jpcrp030000-asr_E36322-000_SasakiDaichiMember_label" xlink:role="http://www.xbrl.org/2003/role/label">Sasaki, Daichi</link:label>
    <link:label xml:lang="en" xlink:type="resource" xlink:label="jpcrp030000-asr_E36322-000_SasakiDaichiMember_label_1" xlink:role="http://www.xbrl.org/2003/role/verboseLabel">Sasaki, Daichi [member]</link:label>
    <link:label xml:lang="en" xlink:type="resource" xlink:label="jpcrp030000-asr_E36322-000_StrategyTextBlock_label" xlink:role="http://www.xbrl.org/2003/role/label">Strategy</link:label>
    <link:label xml:lang="en" xlink:type="resource" xlink:label="jpcrp030000-asr_E36322-000_StrategyTextBlock_label_1" xlink:role="http://www.xbrl.org/2003/role/verboseLabel">Strategy [text block]</link:label>
    <link:label xml:lang="en" xlink:type="resource" xlink:label="jpcrp030000-asr_E36322-000_SuguroNoritakaMember_label" xlink:role="http://www.xbrl.org/2003/role/label">Suguro, Noritaka</link:label>
    <link:label xml:lang="en" xlink:type="resource" xlink:label="jpcrp030000-asr_E36322-000_SuguroNoritakaMember_label_1" xlink:role="http://www.xbrl.org/2003/role/verboseLabel">Suguro, Noritaka [member]</link:label>
    <link:label xml:lang="en" xlink:type="resource" xlink:label="jpcrp030000-asr_E36322-000_ToujouSakurakoMember_label" xlink:role="http://www.xbrl.org/2003/role/label">Toujou Sakurako</link:label>
    <link:label xml:lang="en" xlink:type="resource" xlink:label="jpcrp030000-asr_E36322-000_ToujouSakurakoMember_label_1" xlink:role="http://www.xbrl.org/2003/role/verboseLabel">Toujou Sakurako [member]</link:label>
    <link:loc xlink:type="locator" xlink:href="jpcrp030000-asr-001_E36322-000_2024-01-31_01_2024-04-26.xsd#jpcrp030000-asr_E36322-000_AkiyamaHirotoshiMember" xlink:label="jpcrp030000-asr_E36322-000_AkiyamaHirotoshiMember" />
    <link:loc xlink:type="locator" xlink:href="jpcrp030000-asr-001_E36322-000_2024-01-31_01_2024-04-26.xsd#jpcrp030000-asr_E36322-000_AmortizationOfLeaseDepositsOpeCF" xlink:label="jpcrp030000-asr_E36322-000_AmortizationOfLeaseDepositsOpeCF" />
    <link:loc xlink:type="locator" xlink:href="jpcrp030000-asr-001_E36322-000_2024-01-31_01_2024-04-26.xsd#jpcrp030000-asr_E36322-000_DecreaseIncreaseInInvestmentOpeCF" xlink:label="jpcrp030000-asr_E36322-000_DecreaseIncreaseInInvestmentOpeCF" />
    <link:loc xlink:type="locator" xlink:href="jpcrp030000-asr-001_E36322-000_2024-01-31_01_2024-04-26.xsd#jpcrp030000-asr_E36322-000_DecreaseIncreaseInMerchandiseOpeCF" xlink:label="jpcrp030000-asr_E36322-000_DecreaseIncreaseInMerchandiseOpeCF" />
    <link:loc xlink:type="locator" xlink:href="jpcrp030000-asr-001_E36322-000_2024-01-31_01_2024-04-26.xsd#jpcrp030000-asr_E36322-000_DescriptionOfMetricsRelatedToPolicyOnHumanResourceDevelopmentAndImprovementOfInternalEnvironmentAndTargetsAndResultsUsingSuchMetricsMetricsAndTargetsTextBlock" xlink:label="jpcrp030000-asr_E36322-000_DescriptionOfMetricsRelatedToPolicyOnHumanResourceDevelopmentAndImprovementOfInternalEnvironmentAndTargetsAndResultsUsingSuchMetricsMetricsAndTargetsTextBlock" />
    <link:loc xlink:type="locator" xlink:href="jpcrp030000-asr-001_E36322-000_2024-01-31_01_2024-04-26.xsd#jpcrp030000-asr_E36322-000_DisclosureOfSustainabilityRelatedFinancialInformationHeading" xlink:label="jpcrp030000-asr_E36322-000_DisclosureOfSustainabilityRelatedFinancialInformationHeading" />
    <link:loc xlink:type="locator" xlink:href="jpcrp030000-asr-001_E36322-000_2024-01-31_01_2024-04-26.xsd#jpcrp030000-asr_E36322-000_DisclosureOfSustainabilityRelatedFinancialInformationTextBlock" xlink:label="jpcrp030000-asr_E36322-000_DisclosureOfSustainabilityRelatedFinancialInformationTextBlock" />
    <link:loc xlink:type="locator" xlink:href="jpcrp030000-asr-001_E36322-000_2024-01-31_01_2024-04-26.xsd#jpcrp030000-asr_E36322-000_GovernanceTextBlock" xlink:label="jpcrp030000-asr_E36322-000_GovernanceTextBlock" />
    <link:loc xlink:type="locator" xlink:href="jpcrp030000-asr-001_E36322-000_2024-01-31_01_2024-04-26.xsd#jpcrp030000-asr_E36322-000_HayakawaHaruhikoMember" xlink:label="jpcrp030000-asr_E36322-000_HayakawaHaruhikoMember" />
    <link:loc xlink:type="locator" xlink:href="jpcrp030000-asr-001_E36322-000_2024-01-31_01_2024-04-26.xsd#jpcrp030000-asr_E36322-000_IncreaseDecreaseInContractLiabilitiesOpeCF" xlink:label="jpcrp030000-asr_E36322-000_IncreaseDecreaseInContractLiabilitiesOpeCF" />
    <link:loc xlink:type="locator" xlink:href="jpcrp030000-asr-001_E36322-000_2024-01-31_01_2024-04-26.xsd#jpcrp030000-asr_E36322-000_NakajimaAnnaMember" xlink:label="jpcrp030000-asr_E36322-000_NakajimaAnnaMember" />
    <link:loc xlink:type="locator" xlink:href="jpcrp030000-asr-001_E36322-000_2024-01-31_01_2024-04-26.xsd#jpcrp030000-asr_E36322-000_NakajimaMizukiMember" xlink:label="jpcrp030000-asr_E36322-000_NakajimaMizukiMember" />
    <link:loc xlink:type="locator" xlink:href="jpcrp030000-asr-001_E36322-000_2024-01-31_01_2024-04-26.xsd#jpcrp030000-asr_E36322-000_PaymentsForContributionsInLeaseDepositsInvCF" xlink:label="jpcrp030000-asr_E36322-000_PaymentsForContributionsInLeaseDepositsInvCF" />
    <link:loc xlink:type="locator" xlink:href="jpcrp030000-asr-001_E36322-000_2024-01-31_01_2024-04-26.xsd#jpcrp030000-asr_E36322-000_PayrollsAndBonusesSGA" xlink:label="jpcrp030000-asr_E36322-000_PayrollsAndBonusesSGA" />
    <link:loc xlink:type="locator" xlink:href="jpcrp030000-asr-001_E36322-000_2024-01-31_01_2024-04-26.xsd#jpcrp030000-asr_E36322-000_ReferenceToOtherInformationGovernance" xlink:label="jpcrp030000-asr_E36322-000_ReferenceToOtherInformationGovernance" />
    <link:loc xlink:type="locator" xlink:href="jpcrp030000-asr-001_E36322-000_2024-01-31_01_2024-04-26.xsd#jpcrp030000-asr_E36322-000_ReferenceToOtherInformationRiskManagement" xlink:label="jpcrp030000-asr_E36322-000_ReferenceToOtherInformationRiskManagement" />
    <link:loc xlink:type="locator" xlink:href="jpcrp030000-asr-001_E36322-000_2024-01-31_01_2024-04-26.xsd#jpcrp030000-asr_E36322-000_RiskManagementTextBlock" xlink:label="jpcrp030000-asr_E36322-000_RiskManagementTextBlock" />
    <link:loc xlink:type="locator" xlink:href="jpcrp030000-asr-001_E36322-000_2024-01-31_01_2024-04-26.xsd#jpcrp030000-asr_E36322-000_SasakiDaichiMember" xlink:label="jpcrp030000-asr_E36322-000_SasakiDaichiMember" />
    <link:loc xlink:type="locator" xlink:href="jpcrp030000-asr-001_E36322-000_2024-01-31_01_2024-04-26.xsd#jpcrp030000-asr_E36322-000_StrategyTextBlock" xlink:label="jpcrp030000-asr_E36322-000_StrategyTextBlock" />
    <link:loc xlink:type="locator" xlink:href="jpcrp030000-asr-001_E36322-000_2024-01-31_01_2024-04-26.xsd#jpcrp030000-asr_E36322-000_SuguroNoritakaMember" xlink:label="jpcrp030000-asr_E36322-000_SuguroNoritakaMember" />
    <link:loc xlink:type="locator" xlink:href="jpcrp030000-asr-001_E36322-000_2024-01-31_01_2024-04-26.xsd#jpcrp030000-asr_E36322-000_ToujouSakurakoMember" xlink:label="jpcrp030000-asr_E36322-000_ToujouSakurakoMember" />
    <link:labelArc xlink:type="arc" xlink:from="jpcrp030000-asr_E36322-000_AkiyamaHirotoshiMember" xlink:to="jpcrp030000-asr_E36322-000_AkiyamaHirotoshiMember_label" xlink:arcrole="http://www.xbrl.org/2003/arcrole/concept-label" order="1" />
    <link:labelArc xlink:type="arc" xlink:from="jpcrp030000-asr_E36322-000_AkiyamaHirotoshiMember" xlink:to="jpcrp030000-asr_E36322-000_AkiyamaHirotoshiMember_label_1" xlink:arcrole="http://www.xbrl.org/2003/arcrole/concept-label" order="1" />
    <link:labelArc xlink:type="arc" xlink:from="jpcrp030000-asr_E36322-000_AmortizationOfLeaseDepositsOpeCF" xlink:to="jpcrp030000-asr_E36322-000_AmortizationOfLeaseDepositsOpeCF_label" xlink:arcrole="http://www.xbrl.org/2003/arcrole/concept-label" order="1" />
    <link:labelArc xlink:type="arc" xlink:from="jpcrp030000-asr_E36322-000_AmortizationOfLeaseDepositsOpeCF" xlink:to="jpcrp030000-asr_E36322-000_AmortizationOfLeaseDepositsOpeCF_label_1" xlink:arcrole="http://www.xbrl.org/2003/arcrole/concept-label" order="1" />
    <link:labelArc xlink:type="arc" xlink:from="jpcrp030000-asr_E36322-000_DecreaseIncreaseInInvestmentOpeCF" xlink:to="jpcrp030000-asr_E36322-000_DecreaseIncreaseInInvestmentOpeCF_label" xlink:arcrole="http://www.xbrl.org/2003/arcrole/concept-label" order="1" />
    <link:labelArc xlink:type="arc" xlink:from="jpcrp030000-asr_E36322-000_DecreaseIncreaseInInvestmentOpeCF" xlink:to="jpcrp030000-asr_E36322-000_DecreaseIncreaseInInvestmentOpeCF_label_1" xlink:arcrole="http://www.xbrl.org/2003/arcrole/concept-label" order="1" />
    <link:labelArc xlink:type="arc" xlink:from="jpcrp030000-asr_E36322-000_DecreaseIncreaseInMerchandiseOpeCF" xlink:to="jpcrp030000-asr_E36322-000_DecreaseIncreaseInMerchandiseOpeCF_label" xlink:arcrole="http://www.xbrl.org/2003/arcrole/concept-label" order="1" />
    <link:labelArc xlink:type="arc" xlink:from="jpcrp030000-asr_E36322-000_DecreaseIncreaseInMerchandiseOpeCF" xlink:to="jpcrp030000-asr_E36322-000_DecreaseIncreaseInMerchandiseOpeCF_label_1" xlink:arcrole="http://www.xbrl.org/2003/arcrole/concept-label" order="1" />
    <link:labelArc xlink:type="arc" xlink:from="jpcrp030000-asr_E36322-000_DescriptionOfMetricsRelatedToPolicyOnHumanResourceDevelopmentAndImprovementOfInternalEnvironmentAndTargetsAndResultsUsingSuchMetricsMetricsAndTargetsTextBlock" xlink:to="jpcrp030000-asr_E36322-000_DescriptionOfMetricsRelatedToPolicyOnHumanResourceDevelopmentAndImprovementOfInternalEnvironmentAndTargetsAndResultsUsingSuchMetricsMetricsAndTargetsTextBlock_label" xlink:arcrole="http://www.xbrl.org/2003/arcrole/concept-label" order="1" />
    <link:labelArc xlink:type="arc" xlink:from="jpcrp030000-asr_E36322-000_DescriptionOfMetricsRelatedToPolicyOnHumanResourceDevelopmentAndImprovementOfInternalEnvironmentAndTargetsAndResultsUsingSuchMetricsMetricsAndTargetsTextBlock" xlink:to="jpcrp030000-asr_E36322-000_DescriptionOfMetricsRelatedToPolicyOnHumanResourceDevelopmentAndImprovementOfInternalEnvironmentAndTargetsAndResultsUsingSuchMetricsMetricsAndTargetsTextBlock_label_1" xlink:arcrole="http://www.xbrl.org/2003/arcrole/concept-label" order="1" />
    <link:labelArc xlink:type="arc" xlink:from="jpcrp030000-asr_E36322-000_DisclosureOfSustainabilityRelatedFinancialInformationHeading" xlink:to="jpcrp030000-asr_E36322-000_DisclosureOfSustainabilityRelatedFinancialInformationHeading_label_1" xlink:arcrole="http://www.xbrl.org/2003/arcrole/concept-label" order="1" />
    <link:labelArc xlink:type="arc" xlink:from="jpcrp030000-asr_E36322-000_DisclosureOfSustainabilityRelatedFinancialInformationHeading" xlink:to="jpcrp030000-asr_E36322-000_DisclosureOfSustainabilityRelatedFinancialInformationHeading_label" xlink:arcrole="http://www.xbrl.org/2003/arcrole/concept-label" order="1" />
    <link:labelArc xlink:type="arc" xlink:from="jpcrp030000-asr_E36322-000_DisclosureOfSustainabilityRelatedFinancialInformationTextBlock" xlink:to="jpcrp030000-asr_E36322-000_DisclosureOfSustainabilityRelatedFinancialInformationTextBlock_label" xlink:arcrole="http://www.xbrl.org/2003/arcrole/concept-label" order="1" />
    <link:labelArc xlink:type="arc" xlink:from="jpcrp030000-asr_E36322-000_DisclosureOfSustainabilityRelatedFinancialInformationTextBlock" xlink:to="jpcrp030000-asr_E36322-000_DisclosureOfSustainabilityRelatedFinancialInformationTextBlock_label_1" xlink:arcrole="http://www.xbrl.org/2003/arcrole/concept-label" order="1" />
    <link:labelArc xlink:type="arc" xlink:from="jpcrp030000-asr_E36322-000_GovernanceTextBlock" xlink:to="jpcrp030000-asr_E36322-000_GovernanceTextBlock_label" xlink:arcrole="http://www.xbrl.org/2003/arcrole/concept-label" order="1" />
    <link:labelArc xlink:type="arc" xlink:from="jpcrp030000-asr_E36322-000_GovernanceTextBlock" xlink:to="jpcrp030000-asr_E36322-000_GovernanceTextBlock_label_1" xlink:arcrole="http://www.xbrl.org/2003/arcrole/concept-label" order="1" />
    <link:labelArc xlink:type="arc" xlink:from="jpcrp030000-asr_E36322-000_HayakawaHaruhikoMember" xlink:to="jpcrp030000-asr_E36322-000_HayakawaHaruhikoMember_label" xlink:arcrole="http://www.xbrl.org/2003/arcrole/concept-label" order="1" />
    <link:labelArc xlink:type="arc" xlink:from="jpcrp030000-asr_E36322-000_HayakawaHaruhikoMember" xlink:to="jpcrp030000-asr_E36322-000_HayakawaHaruhikoMember_label_1" xlink:arcrole="http://www.xbrl.org/2003/arcrole/concept-label" order="1" />
    <link:labelArc xlink:type="arc" xlink:from="jpcrp030000-asr_E36322-000_IncreaseDecreaseInContractLiabilitiesOpeCF" xlink:to="jpcrp030000-asr_E36322-000_IncreaseDecreaseInContractLiabilitiesOpeCF_label" xlink:arcrole="http://www.xbrl.org/2003/arcrole/concept-label" order="1" />
    <link:labelArc xlink:type="arc" xlink:from="jpcrp030000-asr_E36322-000_IncreaseDecreaseInContractLiabilitiesOpeCF" xlink:to="jpcrp030000-asr_E36322-000_IncreaseDecreaseInContractLiabilitiesOpeCF_label_1" xlink:arcrole="http://www.xbrl.org/2003/arcrole/concept-label" order="1" />
    <link:labelArc xlink:type="arc" xlink:from="jpcrp030000-asr_E36322-000_NakajimaAnnaMember" xlink:to="jpcrp030000-asr_E36322-000_NakajimaAnnaMember_label_1" xlink:arcrole="http://www.xbrl.org/2003/arcrole/concept-label" order="1" />
    <link:labelArc xlink:type="arc" xlink:from="jpcrp030000-asr_E36322-000_NakajimaAnnaMember" xlink:to="jpcrp030000-asr_E36322-000_NakajimaAnnaMember_label" xlink:arcrole="http://www.xbrl.org/2003/arcrole/concept-label" order="1" />
    <link:labelArc xlink:type="arc" xlink:from="jpcrp030000-asr_E36322-000_NakajimaMizukiMember" xlink:to="jpcrp030000-asr_E36322-000_NakajimaMizukiMember_label" xlink:arcrole="http://www.xbrl.org/2003/arcrole/concept-label" order="1" />
    <link:labelArc xlink:type="arc" xlink:from="jpcrp030000-asr_E36322-000_NakajimaMizukiMember" xlink:to="jpcrp030000-asr_E36322-000_NakajimaMizukiMember_label_1" xlink:arcrole="http://www.xbrl.org/2003/arcrole/concept-label" order="1" />
    <link:labelArc xlink:type="arc" xlink:from="jpcrp030000-asr_E36322-000_PaymentsForContributionsInLeaseDepositsInvCF" xlink:to="jpcrp030000-asr_E36322-000_PaymentsForContributionsInLeaseDepositsInvCF_label" xlink:arcrole="http://www.xbrl.org/2003/arcrole/concept-label" order="1" />
    <link:labelArc xlink:type="arc" xlink:from="jpcrp030000-asr_E36322-000_PaymentsForContributionsInLeaseDepositsInvCF" xlink:to="jpcrp030000-asr_E36322-000_PaymentsForContributionsInLeaseDepositsInvCF_label_1" xlink:arcrole="http://www.xbrl.org/2003/arcrole/concept-label" order="1" />
    <link:labelArc xlink:type="arc" xlink:from="jpcrp030000-asr_E36322-000_PayrollsAndBonusesSGA" xlink:to="jpcrp030000-asr_E36322-000_PayrollsAndBonusesSGA_label" xlink:arcrole="http://www.xbrl.org/2003/arcrole/concept-label" order="1" />
    <link:labelArc xlink:type="arc" xlink:from="jpcrp030000-asr_E36322-000_PayrollsAndBonusesSGA" xlink:to="jpcrp030000-asr_E36322-000_PayrollsAndBonusesSGA_label_1" xlink:arcrole="http://www.xbrl.org/2003/arcrole/concept-label" order="1" />
    <link:labelArc xlink:type="arc" xlink:from="jpcrp030000-asr_E36322-000_ReferenceToOtherInformationGovernance" xlink:to="jpcrp030000-asr_E36322-000_ReferenceToOtherInformationGovernance_label" xlink:arcrole="http://www.xbrl.org/2003/arcrole/concept-label" order="1" />
    <link:labelArc xlink:type="arc" xlink:from="jpcrp030000-asr_E36322-000_ReferenceToOtherInformationGovernance" xlink:to="jpcrp030000-asr_E36322-000_ReferenceToOtherInformationGovernance_label_1" xlink:arcrole="http://www.xbrl.org/2003/arcrole/concept-label" order="1" />
    <link:labelArc xlink:type="arc" xlink:from="jpcrp030000-asr_E36322-000_ReferenceToOtherInformationRiskManagement" xlink:to="jpcrp030000-asr_E36322-000_ReferenceToOtherInformationRiskManagement_label_1" xlink:arcrole="http://www.xbrl.org/2003/arcrole/concept-label" order="1" />
    <link:labelArc xlink:type="arc" xlink:from="jpcrp030000-asr_E36322-000_ReferenceToOtherInformationRiskManagement" xlink:to="jpcrp030000-asr_E36322-000_ReferenceToOtherInformationRiskManagement_label" xlink:arcrole="http://www.xbrl.org/2003/arcrole/concept-label" order="1" />
    <link:labelArc xlink:type="arc" xlink:from="jpcrp030000-asr_E36322-000_RiskManagementTextBlock" xlink:to="jpcrp030000-asr_E36322-000_RiskManagementTextBlock_label" xlink:arcrole="http://www.xbrl.org/2003/arcrole/concept-label" order="1" />
    <link:labelArc xlink:type="arc" xlink:from="jpcrp030000-asr_E36322-000_RiskManagementTextBlock" xlink:to="jpcrp030000-asr_E36322-000_RiskManagementTextBlock_label_1" xlink:arcrole="http://www.xbrl.org/2003/arcrole/concept-label" order="1" />
    <link:labelArc xlink:type="arc" xlink:from="jpcrp030000-asr_E36322-000_SasakiDaichiMember" xlink:to="jpcrp030000-asr_E36322-000_SasakiDaichiMember_label" xlink:arcrole="http://www.xbrl.org/2003/arcrole/concept-label" order="1" />
    <link:labelArc xlink:type="arc" xlink:from="jpcrp030000-asr_E36322-000_SasakiDaichiMember" xlink:to="jpcrp030000-asr_E36322-000_SasakiDaichiMember_label_1" xlink:arcrole="http://www.xbrl.org/2003/arcrole/concept-label" order="1" />
    <link:labelArc xlink:type="arc" xlink:from="jpcrp030000-asr_E36322-000_StrategyTextBlock" xlink:to="jpcrp030000-asr_E36322-000_StrategyTextBlock_label" xlink:arcrole="http://www.xbrl.org/2003/arcrole/concept-label" order="1" />
    <link:labelArc xlink:type="arc" xlink:from="jpcrp030000-asr_E36322-000_StrategyTextBlock" xlink:to="jpcrp030000-asr_E36322-000_StrategyTextBlock_label_1" xlink:arcrole="http://www.xbrl.org/2003/arcrole/concept-label" order="1" />
    <link:labelArc xlink:type="arc" xlink:from="jpcrp030000-asr_E36322-000_SuguroNoritakaMember" xlink:to="jpcrp030000-asr_E36322-000_SuguroNoritakaMember_label" xlink:arcrole="http://www.xbrl.org/2003/arcrole/concept-label" order="1" />
    <link:labelArc xlink:type="arc" xlink:from="jpcrp030000-asr_E36322-000_SuguroNoritakaMember" xlink:to="jpcrp030000-asr_E36322-000_SuguroNoritakaMember_label_1" xlink:arcrole="http://www.xbrl.org/2003/arcrole/concept-label" order="1" />
    <link:labelArc xlink:type="arc" xlink:from="jpcrp030000-asr_E36322-000_ToujouSakurakoMember" xlink:to="jpcrp030000-asr_E36322-000_ToujouSakurakoMember_label" xlink:arcrole="http://www.xbrl.org/2003/arcrole/concept-label" order="1" />
    <link:labelArc xlink:type="arc" xlink:from="jpcrp030000-asr_E36322-000_ToujouSakurakoMember" xlink:to="jpcrp030000-asr_E36322-000_ToujouSakurakoMember_label_1" xlink:arcrole="http://www.xbrl.org/2003/arcrole/concept-label" order="1" />
  </link:labelLink>
</link:linkbase>