﻿<?xml version="1.0" encoding="utf-8"?>
<!-- XBRL Document Created with WizLabo Platform -->
<link:linkbase xmlns:xlink="http://www.w3.org/1999/xlink" xmlns:xsi="http://www.w3.org/2001/XMLSchema-instance" xmlns:link="http://www.xbrl.org/2003/linkbase">
  <link:labelLink xlink:type="extended" xlink:role="http://www.xbrl.org/2003/role/link">
    <link:label xml:lang="ja" xlink:type="resource" xlink:label="jpcrp030000-asr_E36322-000_AkiyamaHirotoshiMember_label" xlink:role="http://www.xbrl.org/2003/role/label">秋山　裕俊</link:label>
    <link:label xml:lang="ja" xlink:type="resource" xlink:label="jpcrp030000-asr_E36322-000_AkiyamaHirotoshiMember_label_1" xlink:role="http://www.xbrl.org/2003/role/verboseLabel">秋山　裕俊 [メンバー]</link:label>
    <link:label xml:lang="ja" xlink:type="resource" xlink:label="jpcrp030000-asr_E36322-000_AmortizationOfLeaseDepositsOpeCF_label" xlink:role="http://www.xbrl.org/2003/role/label">敷金償却費</link:label>
    <link:label xml:lang="ja" xlink:type="resource" xlink:label="jpcrp030000-asr_E36322-000_AmortizationOfLeaseDepositsOpeCF_label_1" xlink:role="http://www.xbrl.org/2003/role/verboseLabel">敷金償却費、営業活動によるキャッシュ・フロー</link:label>
    <link:label xml:lang="ja" xlink:type="resource" xlink:label="jpcrp030000-asr_E36322-000_DecreaseIncreaseInInvestmentOpeCF_label" xlink:role="http://www.xbrl.org/2003/role/label">出資金の増減額（△は増加）</link:label>
    <link:label xml:lang="ja" xlink:type="resource" xlink:label="jpcrp030000-asr_E36322-000_DecreaseIncreaseInInvestmentOpeCF_label_1" xlink:role="http://www.xbrl.org/2003/role/verboseLabel">出資金の増減額（△は増加）、営業活動によるキャッシュ・フロー</link:label>
    <link:label xml:lang="ja" xlink:type="resource" xlink:label="jpcrp030000-asr_E36322-000_DecreaseIncreaseInMerchandiseOpeCF_label" xlink:role="http://www.xbrl.org/2003/role/label">商品の増減額（△は増加）</link:label>
    <link:label xml:lang="ja" xlink:type="resource" xlink:label="jpcrp030000-asr_E36322-000_DecreaseIncreaseInMerchandiseOpeCF_label_1" xlink:role="http://www.xbrl.org/2003/role/verboseLabel">商品の増減額（△は増加）、営業活動によるキャッシュ・フロー</link:label>
    <link:label xml:lang="ja" xlink:type="resource" xlink:label="jpcrp030000-asr_E36322-000_DescriptionOfMetricsRelatedToPolicyOnHumanResourceDevelopmentAndImprovementOfInternalEnvironmentAndTargetsAndResultsUsingSuchMetricsMetricsAndTargetsTextBlock_label" xlink:role="http://www.xbrl.org/2003/role/label">人材の育成及び社内環境整備に関する方針に関する指標の内容並びに当該指標を用いた目標及び実績</link:label>
    <link:label xml:lang="ja" xlink:type="resource" xlink:label="jpcrp030000-asr_E36322-000_DescriptionOfMetricsRelatedToPolicyOnHumanResourceDevelopmentAndImprovementOfInternalEnvironmentAndTargetsAndResultsUsingSuchMetricsMetricsAndTargetsTextBlock_label_1" xlink:role="http://www.xbrl.org/2003/role/verboseLabel">人材の育成及び社内環境整備に関する方針に関する指標の内容並びに当該指標を用いた目標及び実績、指標及び目標 [テキストブロック]</link:label>
    <link:label xml:lang="ja" xlink:type="resource" xlink:label="jpcrp030000-asr_E36322-000_DisclosureOfSustainabilityRelatedFinancialInformationHeading_label" xlink:role="http://www.xbrl.org/2003/role/label">サステナビリティに関する考え方及び取組</link:label>
    <link:label xml:lang="ja" xlink:type="resource" xlink:label="jpcrp030000-asr_E36322-000_DisclosureOfSustainabilityRelatedFinancialInformationHeading_label_1" xlink:role="http://www.xbrl.org/2003/role/verboseLabel">サステナビリティに関する考え方及び取組 [目次項目]</link:label>
    <link:label xml:lang="ja" xlink:type="resource" xlink:label="jpcrp030000-asr_E36322-000_DisclosureOfSustainabilityRelatedFinancialInformationTextBlock_label" xlink:role="http://www.xbrl.org/2003/role/label">サステナビリティに関する考え方及び取組</link:label>
    <link:label xml:lang="ja" xlink:type="resource" xlink:label="jpcrp030000-asr_E36322-000_DisclosureOfSustainabilityRelatedFinancialInformationTextBlock_label_1" xlink:role="http://www.xbrl.org/2003/role/verboseLabel">サステナビリティに関する考え方及び取組 [テキストブロック]</link:label>
    <link:label xml:lang="ja" xlink:type="resource" xlink:label="jpcrp030000-asr_E36322-000_GovernanceTextBlock_label" xlink:role="http://www.xbrl.org/2003/role/label">ガバナンス</link:label>
    <link:label xml:lang="ja" xlink:type="resource" xlink:label="jpcrp030000-asr_E36322-000_GovernanceTextBlock_label_1" xlink:role="http://www.xbrl.org/2003/role/verboseLabel">ガバナンス [テキストブロック]</link:label>
    <link:label xml:lang="ja" xlink:type="resource" xlink:label="jpcrp030000-asr_E36322-000_HayakawaHaruhikoMember_label" xlink:role="http://www.xbrl.org/2003/role/label">早川　治彦</link:label>
    <link:label xml:lang="ja" xlink:type="resource" xlink:label="jpcrp030000-asr_E36322-000_HayakawaHaruhikoMember_label_1" xlink:role="http://www.xbrl.org/2003/role/verboseLabel">早川　治彦 [メンバー]</link:label>
    <link:label xml:lang="ja" xlink:type="resource" xlink:label="jpcrp030000-asr_E36322-000_IncreaseDecreaseInContractLiabilitiesOpeCF_label" xlink:role="http://www.xbrl.org/2003/role/label">契約負債の増減額（△は減少）</link:label>
    <link:label xml:lang="ja" xlink:type="resource" xlink:label="jpcrp030000-asr_E36322-000_IncreaseDecreaseInContractLiabilitiesOpeCF_label_1" xlink:role="http://www.xbrl.org/2003/role/verboseLabel">契約負債の増減額（△は減少）、営業活動によるキャッシュ・フロー</link:label>
    <link:label xml:lang="ja" xlink:type="resource" xlink:label="jpcrp030000-asr_E36322-000_NakajimaAnnaMember_label" xlink:role="http://www.xbrl.org/2003/role/label">中島　杏奈</link:label>
    <link:label xml:lang="ja" xlink:type="resource" xlink:label="jpcrp030000-asr_E36322-000_NakajimaAnnaMember_label_1" xlink:role="http://www.xbrl.org/2003/role/verboseLabel">中島　杏奈 [メンバー]</link:label>
    <link:label xml:lang="ja" xlink:type="resource" xlink:label="jpcrp030000-asr_E36322-000_NakajimaMizukiMember_label" xlink:role="http://www.xbrl.org/2003/role/label">中島　瑞木</link:label>
    <link:label xml:lang="ja" xlink:type="resource" xlink:label="jpcrp030000-asr_E36322-000_NakajimaMizukiMember_label_1" xlink:role="http://www.xbrl.org/2003/role/verboseLabel">中島　瑞木 [メンバー]</link:label>
    <link:label xml:lang="ja" xlink:type="resource" xlink:label="jpcrp030000-asr_E36322-000_PaymentsForContributionsInLeaseDepositsInvCF_label" xlink:role="http://www.xbrl.org/2003/role/label">敷金の拠出による支出</link:label>
    <link:label xml:lang="ja" xlink:type="resource" xlink:label="jpcrp030000-asr_E36322-000_PaymentsForContributionsInLeaseDepositsInvCF_label_1" xlink:role="http://www.xbrl.org/2003/role/verboseLabel">敷金の拠出による支出、投資活動によるキャッシュ・フロー</link:label>
    <link:label xml:lang="ja" xlink:type="resource" xlink:label="jpcrp030000-asr_E36322-000_PayrollsAndBonusesSGA_label" xlink:role="http://www.xbrl.org/2003/role/label">給与及び賞与</link:label>
    <link:label xml:lang="ja" xlink:type="resource" xlink:label="jpcrp030000-asr_E36322-000_PayrollsAndBonusesSGA_label_1" xlink:role="http://www.xbrl.org/2003/role/verboseLabel">給与及び賞与、販売費及び一般管理費</link:label>
    <link:label xml:lang="ja" xlink:type="resource" xlink:label="jpcrp030000-asr_E36322-000_ReferenceToOtherInformationGovernance_label" xlink:role="http://www.xbrl.org/2003/role/label">他の記載への参照</link:label>
    <link:label xml:lang="ja" xlink:type="resource" xlink:label="jpcrp030000-asr_E36322-000_ReferenceToOtherInformationGovernance_label_1" xlink:role="http://www.xbrl.org/2003/role/verboseLabel">他の記載への参照、ガバナンス</link:label>
    <link:label xml:lang="ja" xlink:type="resource" xlink:label="jpcrp030000-asr_E36322-000_ReferenceToOtherInformationRiskManagement_label" xlink:role="http://www.xbrl.org/2003/role/label">他の記載への参照</link:label>
    <link:label xml:lang="ja" xlink:type="resource" xlink:label="jpcrp030000-asr_E36322-000_ReferenceToOtherInformationRiskManagement_label_1" xlink:role="http://www.xbrl.org/2003/role/verboseLabel">他の記載への参照、リスク管理</link:label>
    <link:label xml:lang="ja" xlink:type="resource" xlink:label="jpcrp030000-asr_E36322-000_RiskManagementTextBlock_label" xlink:role="http://www.xbrl.org/2003/role/label">リスク管理</link:label>
    <link:label xml:lang="ja" xlink:type="resource" xlink:label="jpcrp030000-asr_E36322-000_RiskManagementTextBlock_label_1" xlink:role="http://www.xbrl.org/2003/role/verboseLabel">リスク管理 [テキストブロック]</link:label>
    <link:label xml:lang="ja" xlink:type="resource" xlink:label="jpcrp030000-asr_E36322-000_SasakiDaichiMember_label" xlink:role="http://www.xbrl.org/2003/role/label">佐々木　大地</link:label>
    <link:label xml:lang="ja" xlink:type="resource" xlink:label="jpcrp030000-asr_E36322-000_SasakiDaichiMember_label_1" xlink:role="http://www.xbrl.org/2003/role/verboseLabel">佐々木　大地 [メンバー]</link:label>
    <link:label xml:lang="ja" xlink:type="resource" xlink:label="jpcrp030000-asr_E36322-000_StrategyTextBlock_label" xlink:role="http://www.xbrl.org/2003/role/label">戦略</link:label>
    <link:label xml:lang="ja" xlink:type="resource" xlink:label="jpcrp030000-asr_E36322-000_StrategyTextBlock_label_1" xlink:role="http://www.xbrl.org/2003/role/verboseLabel">戦略 [テキストブロック]</link:label>
    <link:label xml:lang="ja" xlink:type="resource" xlink:label="jpcrp030000-asr_E36322-000_SuguroNoritakaMember_label" xlink:role="http://www.xbrl.org/2003/role/label">須黒　統貴</link:label>
    <link:label xml:lang="ja" xlink:type="resource" xlink:label="jpcrp030000-asr_E36322-000_SuguroNoritakaMember_label_1" xlink:role="http://www.xbrl.org/2003/role/verboseLabel">須黒　統貴 [メンバー]</link:label>
    <link:label xml:lang="ja" xlink:type="resource" xlink:label="jpcrp030000-asr_E36322-000_ToujouSakurakoMember_label" xlink:role="http://www.xbrl.org/2003/role/label">東條　桜子</link:label>
    <link:label xml:lang="ja" xlink:type="resource" xlink:label="jpcrp030000-asr_E36322-000_ToujouSakurakoMember_label_1" xlink:role="http://www.xbrl.org/2003/role/verboseLabel">東條　桜子 [メンバー]</link:label>
    <link:loc xlink:type="locator" xlink:href="jpcrp030000-asr-001_E36322-000_2024-01-31_01_2024-04-26.xsd#jpcrp030000-asr_E36322-000_AkiyamaHirotoshiMember" xlink:label="jpcrp030000-asr_E36322-000_AkiyamaHirotoshiMember" />
    <link:loc xlink:type="locator" xlink:href="jpcrp030000-asr-001_E36322-000_2024-01-31_01_2024-04-26.xsd#jpcrp030000-asr_E36322-000_AmortizationOfLeaseDepositsOpeCF" xlink:label="jpcrp030000-asr_E36322-000_AmortizationOfLeaseDepositsOpeCF" />
    <link:loc xlink:type="locator" xlink:href="jpcrp030000-asr-001_E36322-000_2024-01-31_01_2024-04-26.xsd#jpcrp030000-asr_E36322-000_DecreaseIncreaseInInvestmentOpeCF" xlink:label="jpcrp030000-asr_E36322-000_DecreaseIncreaseInInvestmentOpeCF" />
    <link:loc xlink:type="locator" xlink:href="jpcrp030000-asr-001_E36322-000_2024-01-31_01_2024-04-26.xsd#jpcrp030000-asr_E36322-000_DecreaseIncreaseInMerchandiseOpeCF" xlink:label="jpcrp030000-asr_E36322-000_DecreaseIncreaseInMerchandiseOpeCF" />
    <link:loc xlink:type="locator" xlink:href="jpcrp030000-asr-001_E36322-000_2024-01-31_01_2024-04-26.xsd#jpcrp030000-asr_E36322-000_DescriptionOfMetricsRelatedToPolicyOnHumanResourceDevelopmentAndImprovementOfInternalEnvironmentAndTargetsAndResultsUsingSuchMetricsMetricsAndTargetsTextBlock" xlink:label="jpcrp030000-asr_E36322-000_DescriptionOfMetricsRelatedToPolicyOnHumanResourceDevelopmentAndImprovementOfInternalEnvironmentAndTargetsAndResultsUsingSuchMetricsMetricsAndTargetsTextBlock" />
    <link:loc xlink:type="locator" xlink:href="jpcrp030000-asr-001_E36322-000_2024-01-31_01_2024-04-26.xsd#jpcrp030000-asr_E36322-000_DisclosureOfSustainabilityRelatedFinancialInformationHeading" xlink:label="jpcrp030000-asr_E36322-000_DisclosureOfSustainabilityRelatedFinancialInformationHeading" />
    <link:loc xlink:type="locator" xlink:href="jpcrp030000-asr-001_E36322-000_2024-01-31_01_2024-04-26.xsd#jpcrp030000-asr_E36322-000_DisclosureOfSustainabilityRelatedFinancialInformationTextBlock" xlink:label="jpcrp030000-asr_E36322-000_DisclosureOfSustainabilityRelatedFinancialInformationTextBlock" />
    <link:loc xlink:type="locator" xlink:href="jpcrp030000-asr-001_E36322-000_2024-01-31_01_2024-04-26.xsd#jpcrp030000-asr_E36322-000_GovernanceTextBlock" xlink:label="jpcrp030000-asr_E36322-000_GovernanceTextBlock" />
    <link:loc xlink:type="locator" xlink:href="jpcrp030000-asr-001_E36322-000_2024-01-31_01_2024-04-26.xsd#jpcrp030000-asr_E36322-000_HayakawaHaruhikoMember" xlink:label="jpcrp030000-asr_E36322-000_HayakawaHaruhikoMember" />
    <link:loc xlink:type="locator" xlink:href="jpcrp030000-asr-001_E36322-000_2024-01-31_01_2024-04-26.xsd#jpcrp030000-asr_E36322-000_IncreaseDecreaseInContractLiabilitiesOpeCF" xlink:label="jpcrp030000-asr_E36322-000_IncreaseDecreaseInContractLiabilitiesOpeCF" />
    <link:loc xlink:type="locator" xlink:href="jpcrp030000-asr-001_E36322-000_2024-01-31_01_2024-04-26.xsd#jpcrp030000-asr_E36322-000_NakajimaAnnaMember" xlink:label="jpcrp030000-asr_E36322-000_NakajimaAnnaMember" />
    <link:loc xlink:type="locator" xlink:href="jpcrp030000-asr-001_E36322-000_2024-01-31_01_2024-04-26.xsd#jpcrp030000-asr_E36322-000_NakajimaMizukiMember" xlink:label="jpcrp030000-asr_E36322-000_NakajimaMizukiMember" />
    <link:loc xlink:type="locator" xlink:href="jpcrp030000-asr-001_E36322-000_2024-01-31_01_2024-04-26.xsd#jpcrp030000-asr_E36322-000_PaymentsForContributionsInLeaseDepositsInvCF" xlink:label="jpcrp030000-asr_E36322-000_PaymentsForContributionsInLeaseDepositsInvCF" />
    <link:loc xlink:type="locator" xlink:href="jpcrp030000-asr-001_E36322-000_2024-01-31_01_2024-04-26.xsd#jpcrp030000-asr_E36322-000_PayrollsAndBonusesSGA" xlink:label="jpcrp030000-asr_E36322-000_PayrollsAndBonusesSGA" />
    <link:loc xlink:type="locator" xlink:href="jpcrp030000-asr-001_E36322-000_2024-01-31_01_2024-04-26.xsd#jpcrp030000-asr_E36322-000_ReferenceToOtherInformationGovernance" xlink:label="jpcrp030000-asr_E36322-000_ReferenceToOtherInformationGovernance" />
    <link:loc xlink:type="locator" xlink:href="jpcrp030000-asr-001_E36322-000_2024-01-31_01_2024-04-26.xsd#jpcrp030000-asr_E36322-000_ReferenceToOtherInformationRiskManagement" xlink:label="jpcrp030000-asr_E36322-000_ReferenceToOtherInformationRiskManagement" />
    <link:loc xlink:type="locator" xlink:href="jpcrp030000-asr-001_E36322-000_2024-01-31_01_2024-04-26.xsd#jpcrp030000-asr_E36322-000_RiskManagementTextBlock" xlink:label="jpcrp030000-asr_E36322-000_RiskManagementTextBlock" />
    <link:loc xlink:type="locator" xlink:href="jpcrp030000-asr-001_E36322-000_2024-01-31_01_2024-04-26.xsd#jpcrp030000-asr_E36322-000_SasakiDaichiMember" xlink:label="jpcrp030000-asr_E36322-000_SasakiDaichiMember" />
    <link:loc xlink:type="locator" xlink:href="jpcrp030000-asr-001_E36322-000_2024-01-31_01_2024-04-26.xsd#jpcrp030000-asr_E36322-000_StrategyTextBlock" xlink:label="jpcrp030000-asr_E36322-000_StrategyTextBlock" />
    <link:loc xlink:type="locator" xlink:href="jpcrp030000-asr-001_E36322-000_2024-01-31_01_2024-04-26.xsd#jpcrp030000-asr_E36322-000_SuguroNoritakaMember" xlink:label="jpcrp030000-asr_E36322-000_SuguroNoritakaMember" />
    <link:loc xlink:type="locator" xlink:href="jpcrp030000-asr-001_E36322-000_2024-01-31_01_2024-04-26.xsd#jpcrp030000-asr_E36322-000_ToujouSakurakoMember" xlink:label="jpcrp030000-asr_E36322-000_ToujouSakurakoMember" />
    <link:labelArc xlink:type="arc" xlink:from="jpcrp030000-asr_E36322-000_AkiyamaHirotoshiMember" xlink:to="jpcrp030000-asr_E36322-000_AkiyamaHirotoshiMember_label" xlink:arcrole="http://www.xbrl.org/2003/arcrole/concept-label" order="1" />
    <link:labelArc xlink:type="arc" xlink:from="jpcrp030000-asr_E36322-000_AkiyamaHirotoshiMember" xlink:to="jpcrp030000-asr_E36322-000_AkiyamaHirotoshiMember_label_1" xlink:arcrole="http://www.xbrl.org/2003/arcrole/concept-label" order="1" />
    <link:labelArc xlink:type="arc" xlink:from="jpcrp030000-asr_E36322-000_AmortizationOfLeaseDepositsOpeCF" xlink:to="jpcrp030000-asr_E36322-000_AmortizationOfLeaseDepositsOpeCF_label" xlink:arcrole="http://www.xbrl.org/2003/arcrole/concept-label" order="1" />
    <link:labelArc xlink:type="arc" xlink:from="jpcrp030000-asr_E36322-000_AmortizationOfLeaseDepositsOpeCF" xlink:to="jpcrp030000-asr_E36322-000_AmortizationOfLeaseDepositsOpeCF_label_1" xlink:arcrole="http://www.xbrl.org/2003/arcrole/concept-label" order="1" />
    <link:labelArc xlink:type="arc" xlink:from="jpcrp030000-asr_E36322-000_DecreaseIncreaseInInvestmentOpeCF" xlink:to="jpcrp030000-asr_E36322-000_DecreaseIncreaseInInvestmentOpeCF_label" xlink:arcrole="http://www.xbrl.org/2003/arcrole/concept-label" order="1" />
    <link:labelArc xlink:type="arc" xlink:from="jpcrp030000-asr_E36322-000_DecreaseIncreaseInInvestmentOpeCF" xlink:to="jpcrp030000-asr_E36322-000_DecreaseIncreaseInInvestmentOpeCF_label_1" xlink:arcrole="http://www.xbrl.org/2003/arcrole/concept-label" order="1" />
    <link:labelArc xlink:type="arc" xlink:from="jpcrp030000-asr_E36322-000_DecreaseIncreaseInMerchandiseOpeCF" xlink:to="jpcrp030000-asr_E36322-000_DecreaseIncreaseInMerchandiseOpeCF_label" xlink:arcrole="http://www.xbrl.org/2003/arcrole/concept-label" order="1" />
    <link:labelArc xlink:type="arc" xlink:from="jpcrp030000-asr_E36322-000_DecreaseIncreaseInMerchandiseOpeCF" xlink:to="jpcrp030000-asr_E36322-000_DecreaseIncreaseInMerchandiseOpeCF_label_1" xlink:arcrole="http://www.xbrl.org/2003/arcrole/concept-label" order="1" />
    <link:labelArc xlink:type="arc" xlink:from="jpcrp030000-asr_E36322-000_DescriptionOfMetricsRelatedToPolicyOnHumanResourceDevelopmentAndImprovementOfInternalEnvironmentAndTargetsAndResultsUsingSuchMetricsMetricsAndTargetsTextBlock" xlink:to="jpcrp030000-asr_E36322-000_DescriptionOfMetricsRelatedToPolicyOnHumanResourceDevelopmentAndImprovementOfInternalEnvironmentAndTargetsAndResultsUsingSuchMetricsMetricsAndTargetsTextBlock_label" xlink:arcrole="http://www.xbrl.org/2003/arcrole/concept-label" order="1" />
    <link:labelArc xlink:type="arc" xlink:from="jpcrp030000-asr_E36322-000_DescriptionOfMetricsRelatedToPolicyOnHumanResourceDevelopmentAndImprovementOfInternalEnvironmentAndTargetsAndResultsUsingSuchMetricsMetricsAndTargetsTextBlock" xlink:to="jpcrp030000-asr_E36322-000_DescriptionOfMetricsRelatedToPolicyOnHumanResourceDevelopmentAndImprovementOfInternalEnvironmentAndTargetsAndResultsUsingSuchMetricsMetricsAndTargetsTextBlock_label_1" xlink:arcrole="http://www.xbrl.org/2003/arcrole/concept-label" order="1" />
    <link:labelArc xlink:type="arc" xlink:from="jpcrp030000-asr_E36322-000_DisclosureOfSustainabilityRelatedFinancialInformationHeading" xlink:to="jpcrp030000-asr_E36322-000_DisclosureOfSustainabilityRelatedFinancialInformationHeading_label_1" xlink:arcrole="http://www.xbrl.org/2003/arcrole/concept-label" order="1" />
    <link:labelArc xlink:type="arc" xlink:from="jpcrp030000-asr_E36322-000_DisclosureOfSustainabilityRelatedFinancialInformationHeading" xlink:to="jpcrp030000-asr_E36322-000_DisclosureOfSustainabilityRelatedFinancialInformationHeading_label" xlink:arcrole="http://www.xbrl.org/2003/arcrole/concept-label" order="1" />
    <link:labelArc xlink:type="arc" xlink:from="jpcrp030000-asr_E36322-000_DisclosureOfSustainabilityRelatedFinancialInformationTextBlock" xlink:to="jpcrp030000-asr_E36322-000_DisclosureOfSustainabilityRelatedFinancialInformationTextBlock_label" xlink:arcrole="http://www.xbrl.org/2003/arcrole/concept-label" order="1" />
    <link:labelArc xlink:type="arc" xlink:from="jpcrp030000-asr_E36322-000_DisclosureOfSustainabilityRelatedFinancialInformationTextBlock" xlink:to="jpcrp030000-asr_E36322-000_DisclosureOfSustainabilityRelatedFinancialInformationTextBlock_label_1" xlink:arcrole="http://www.xbrl.org/2003/arcrole/concept-label" order="1" />
    <link:labelArc xlink:type="arc" xlink:from="jpcrp030000-asr_E36322-000_GovernanceTextBlock" xlink:to="jpcrp030000-asr_E36322-000_GovernanceTextBlock_label" xlink:arcrole="http://www.xbrl.org/2003/arcrole/concept-label" order="1" />
    <link:labelArc xlink:type="arc" xlink:from="jpcrp030000-asr_E36322-000_GovernanceTextBlock" xlink:to="jpcrp030000-asr_E36322-000_GovernanceTextBlock_label_1" xlink:arcrole="http://www.xbrl.org/2003/arcrole/concept-label" order="1" />
    <link:labelArc xlink:type="arc" xlink:from="jpcrp030000-asr_E36322-000_HayakawaHaruhikoMember" xlink:to="jpcrp030000-asr_E36322-000_HayakawaHaruhikoMember_label" xlink:arcrole="http://www.xbrl.org/2003/arcrole/concept-label" order="1" />
    <link:labelArc xlink:type="arc" xlink:from="jpcrp030000-asr_E36322-000_HayakawaHaruhikoMember" xlink:to="jpcrp030000-asr_E36322-000_HayakawaHaruhikoMember_label_1" xlink:arcrole="http://www.xbrl.org/2003/arcrole/concept-label" order="1" />
    <link:labelArc xlink:type="arc" xlink:from="jpcrp030000-asr_E36322-000_IncreaseDecreaseInContractLiabilitiesOpeCF" xlink:to="jpcrp030000-asr_E36322-000_IncreaseDecreaseInContractLiabilitiesOpeCF_label" xlink:arcrole="http://www.xbrl.org/2003/arcrole/concept-label" order="1" />
    <link:labelArc xlink:type="arc" xlink:from="jpcrp030000-asr_E36322-000_IncreaseDecreaseInContractLiabilitiesOpeCF" xlink:to="jpcrp030000-asr_E36322-000_IncreaseDecreaseInContractLiabilitiesOpeCF_label_1" xlink:arcrole="http://www.xbrl.org/2003/arcrole/concept-label" order="1" />
    <link:labelArc xlink:type="arc" xlink:from="jpcrp030000-asr_E36322-000_NakajimaAnnaMember" xlink:to="jpcrp030000-asr_E36322-000_NakajimaAnnaMember_label_1" xlink:arcrole="http://www.xbrl.org/2003/arcrole/concept-label" order="1" />
    <link:labelArc xlink:type="arc" xlink:from="jpcrp030000-asr_E36322-000_NakajimaAnnaMember" xlink:to="jpcrp030000-asr_E36322-000_NakajimaAnnaMember_label" xlink:arcrole="http://www.xbrl.org/2003/arcrole/concept-label" order="1" />
    <link:labelArc xlink:type="arc" xlink:from="jpcrp030000-asr_E36322-000_NakajimaMizukiMember" xlink:to="jpcrp030000-asr_E36322-000_NakajimaMizukiMember_label" xlink:arcrole="http://www.xbrl.org/2003/arcrole/concept-label" order="1" />
    <link:labelArc xlink:type="arc" xlink:from="jpcrp030000-asr_E36322-000_NakajimaMizukiMember" xlink:to="jpcrp030000-asr_E36322-000_NakajimaMizukiMember_label_1" xlink:arcrole="http://www.xbrl.org/2003/arcrole/concept-label" order="1" />
    <link:labelArc xlink:type="arc" xlink:from="jpcrp030000-asr_E36322-000_PaymentsForContributionsInLeaseDepositsInvCF" xlink:to="jpcrp030000-asr_E36322-000_PaymentsForContributionsInLeaseDepositsInvCF_label" xlink:arcrole="http://www.xbrl.org/2003/arcrole/concept-label" order="1" />
    <link:labelArc xlink:type="arc" xlink:from="jpcrp030000-asr_E36322-000_PaymentsForContributionsInLeaseDepositsInvCF" xlink:to="jpcrp030000-asr_E36322-000_PaymentsForContributionsInLeaseDepositsInvCF_label_1" xlink:arcrole="http://www.xbrl.org/2003/arcrole/concept-label" order="1" />
    <link:labelArc xlink:type="arc" xlink:from="jpcrp030000-asr_E36322-000_PayrollsAndBonusesSGA" xlink:to="jpcrp030000-asr_E36322-000_PayrollsAndBonusesSGA_label" xlink:arcrole="http://www.xbrl.org/2003/arcrole/concept-label" order="1" />
    <link:labelArc xlink:type="arc" xlink:from="jpcrp030000-asr_E36322-000_PayrollsAndBonusesSGA" xlink:to="jpcrp030000-asr_E36322-000_PayrollsAndBonusesSGA_label_1" xlink:arcrole="http://www.xbrl.org/2003/arcrole/concept-label" order="1" />
    <link:labelArc xlink:type="arc" xlink:from="jpcrp030000-asr_E36322-000_ReferenceToOtherInformationGovernance" xlink:to="jpcrp030000-asr_E36322-000_ReferenceToOtherInformationGovernance_label" xlink:arcrole="http://www.xbrl.org/2003/arcrole/concept-label" order="1" />
    <link:labelArc xlink:type="arc" xlink:from="jpcrp030000-asr_E36322-000_ReferenceToOtherInformationGovernance" xlink:to="jpcrp030000-asr_E36322-000_ReferenceToOtherInformationGovernance_label_1" xlink:arcrole="http://www.xbrl.org/2003/arcrole/concept-label" order="1" />
    <link:labelArc xlink:type="arc" xlink:from="jpcrp030000-asr_E36322-000_ReferenceToOtherInformationRiskManagement" xlink:to="jpcrp030000-asr_E36322-000_ReferenceToOtherInformationRiskManagement_label_1" xlink:arcrole="http://www.xbrl.org/2003/arcrole/concept-label" order="1" />
    <link:labelArc xlink:type="arc" xlink:from="jpcrp030000-asr_E36322-000_ReferenceToOtherInformationRiskManagement" xlink:to="jpcrp030000-asr_E36322-000_ReferenceToOtherInformationRiskManagement_label" xlink:arcrole="http://www.xbrl.org/2003/arcrole/concept-label" order="1" />
    <link:labelArc xlink:type="arc" xlink:from="jpcrp030000-asr_E36322-000_RiskManagementTextBlock" xlink:to="jpcrp030000-asr_E36322-000_RiskManagementTextBlock_label" xlink:arcrole="http://www.xbrl.org/2003/arcrole/concept-label" order="1" />
    <link:labelArc xlink:type="arc" xlink:from="jpcrp030000-asr_E36322-000_RiskManagementTextBlock" xlink:to="jpcrp030000-asr_E36322-000_RiskManagementTextBlock_label_1" xlink:arcrole="http://www.xbrl.org/2003/arcrole/concept-label" order="1" />
    <link:labelArc xlink:type="arc" xlink:from="jpcrp030000-asr_E36322-000_SasakiDaichiMember" xlink:to="jpcrp030000-asr_E36322-000_SasakiDaichiMember_label" xlink:arcrole="http://www.xbrl.org/2003/arcrole/concept-label" order="1" />
    <link:labelArc xlink:type="arc" xlink:from="jpcrp030000-asr_E36322-000_SasakiDaichiMember" xlink:to="jpcrp030000-asr_E36322-000_SasakiDaichiMember_label_1" xlink:arcrole="http://www.xbrl.org/2003/arcrole/concept-label" order="1" />
    <link:labelArc xlink:type="arc" xlink:from="jpcrp030000-asr_E36322-000_StrategyTextBlock" xlink:to="jpcrp030000-asr_E36322-000_StrategyTextBlock_label" xlink:arcrole="http://www.xbrl.org/2003/arcrole/concept-label" order="1" />
    <link:labelArc xlink:type="arc" xlink:from="jpcrp030000-asr_E36322-000_StrategyTextBlock" xlink:to="jpcrp030000-asr_E36322-000_StrategyTextBlock_label_1" xlink:arcrole="http://www.xbrl.org/2003/arcrole/concept-label" order="1" />
    <link:labelArc xlink:type="arc" xlink:from="jpcrp030000-asr_E36322-000_SuguroNoritakaMember" xlink:to="jpcrp030000-asr_E36322-000_SuguroNoritakaMember_label" xlink:arcrole="http://www.xbrl.org/2003/arcrole/concept-label" order="1" />
    <link:labelArc xlink:type="arc" xlink:from="jpcrp030000-asr_E36322-000_SuguroNoritakaMember" xlink:to="jpcrp030000-asr_E36322-000_SuguroNoritakaMember_label_1" xlink:arcrole="http://www.xbrl.org/2003/arcrole/concept-label" order="1" />
    <link:labelArc xlink:type="arc" xlink:from="jpcrp030000-asr_E36322-000_ToujouSakurakoMember" xlink:to="jpcrp030000-asr_E36322-000_ToujouSakurakoMember_label" xlink:arcrole="http://www.xbrl.org/2003/arcrole/concept-label" order="1" />
    <link:labelArc xlink:type="arc" xlink:from="jpcrp030000-asr_E36322-000_ToujouSakurakoMember" xlink:to="jpcrp030000-asr_E36322-000_ToujouSakurakoMember_label_1" xlink:arcrole="http://www.xbrl.org/2003/arcrole/concept-label" order="1" />
  </link:labelLink>
</link:linkbase>